#src,tic_id,toi_id,Disposition,RA,Dec,Tmag,Tmag Err,Epoc,Epoc Err,Period,Period Err,Duration,Duration Err,Transit Depth,Transit Depth Err,Sectors,Created,Updated
spoc,425934411,00142.01,PC,4.60579,-62.847886,14.672,0.018,1325.489793,0.000851,0.853319,2.4e-05,1.139772,0.074358,27850.118196,1655.4967,2 1,2018-10-22 18:35:46.048871+00:00,2019-02-25 16:43:43.659027+00:00
spoc,7624182,00412.01,PC,64.311397,-38.844151,8.768,0.019,1411.815795,0.00066,1.108467,5.2e-05,1.099309,0.139281,859.958482,34.553566,4,2019-01-31 17:54:44.305199+00:00,2019-02-08 20:03:31.361260+00:00
spoc,1129033,00398.01,PC,37.155148,-7.060682,9.502,0.017,1410.984711,8.2e-05,1.360025,7e-06,2.156334,0.007497,16380.624812,42.159786,4,2019-01-31 17:54:44.010882+00:00,2019-02-08 19:51:14.421911+00:00
spoc,257567854,00403.01,PC,52.818043,-23.819696,11.164,0.018,1411.901592,0.000546,3.532822,0.000138,3.44312,0.046901,11283.619423,137.88638,4,2019-01-31 17:54:49.881292+00:00,2019-02-08 19:51:14.417490+00:00
spoc,122613513,00279.01,PC,41.188507,-32.210889,10.475,0.018,1411.359758,0.002557,11.493044,0.001809,2.353926,0.495941,1661.481473,162.14601,4,2019-01-31 17:54:46.381336+00:00,2019-02-08 19:51:14.408631+00:00
spoc,178284730,00418.01,PC,60.385614,-20.451086,10.261,0.019,1412.697264,0.00019,2.23598,3e-05,1.533632,0.01218,19644.670565,274.4483,4,2019-01-31 17:54:49.136890+00:00,2019-02-08 19:51:14.355366+00:00
spoc,259511357,00271.01,PC,70.775334,-50.219614,8.412,0.021,1411.945767,0.001703,2.475732,0.000299,1.056895,0.345095,418.364873,42.9912,4,2019-01-31 17:54:50.041977+00:00,2019-02-08 19:51:14.350977+00:00
spoc,220479565,00269.01,PC,75.846109,-54.177194,12.27,0.018,1411.429201,0.001477,3.697582,0.0004,0.856725,0.398988,4963.044666,498.0945,4,2019-01-31 17:54:49.583466+00:00,2019-02-08 19:51:14.333349+00:00
spoc,250386181,00390.01,PC,30.114395,-4.985569,9.88,0.019,1412.374564,0.000777,1.470258,7.9e-05,1.37737,0.065475,2586.506638,97.61957,4,2019-01-31 17:54:49.812925+00:00,2019-02-08 19:51:14.328917+00:00
spoc,260271203,00207.01,PC,94.218078,-58.229816,13.42,0.019,1414.835781,0.00103,5.649621,0.000499,4.153365,0.074243,47439.1858,753.47375,4,2019-01-31 17:54:50.239143+00:00,2019-02-08 19:51:14.306805+00:00
spoc,178155732,00396.02,PC,42.984364,-30.814529,5.91,0.019,1412.77464,0.002032,3.586159,0.000501,2.718758,0.175932,202.98306,20.501322,4,2019-01-31 17:54:49.000958+00:00,2019-02-08 19:51:14.302386+00:00
spoc,178155732,00396.01,PC,42.984364,-30.814529,5.91,0.019,1415.634283,0.001447,5.97188,0.000771,2.812894,0.287702,316.022226,26.024124,4,2019-01-31 17:54:48.988833+00:00,2019-02-08 19:51:14.297952+00:00
spoc,166833457,00404.01,PC,58.428804,-34.328198,12.315,0.019,1413.166675,0.000463,2.962482,0.000103,1.931425,0.029495,28072.631654,353.9316,4,2019-01-31 17:54:47.890426+00:00,2019-02-08 19:51:14.289066+00:00
spoc,153077621,00454.01,PC,49.6602,-42.6424,9.441,0.037,1414.220898,0.001199,18.082538,0.001595,2.283672,0.096761,8669.170296,523.15497,4,2019-01-31 17:54:47.538773+00:00,2019-02-08 19:51:14.280249+00:00
spoc,122612091,00264.01,PC,41.040001,-30.169041,10.452,0.018,1412.216081,0.000864,2.216824,0.000132,3.900151,0.059376,4419.364288,75.66216,4,2019-01-31 17:54:46.348244+00:00,2019-02-08 19:51:14.258096+00:00
spoc,98796344,00455.01,PC,45.4642,-16.5934,8.64,0.018,1412.708786,0.00091,5.358807,0.000351,1.364837,0.188153,2498.079231,168.20534,4,2019-01-31 17:54:46.153643+00:00,2019-02-08 19:51:14.249100+00:00
spoc,120896927,00402.01,PC,36.868245,-27.635184,8.26509,0.017027,1411.463494,0.00277,4.755833,0.000856,2.573288,0.314131,406.143083,36.74893,4,2019-01-31 17:54:46.302591+00:00,2019-02-08 19:51:14.244680+00:00
spoc,120896927,00402.02,PC,36.868245,-27.635184,8.26509,0.017027,1414.547596,0.002227,17.2148,,2.048477,0.488976,609.416369,61.613567,4,2019-01-31 17:54:46.314686+00:00,2019-02-08 19:51:14.240360+00:00
spoc,77228304,00456.01,PC,69.116194,-41.246255,15.703,0.018,1410.950284,0.002187,0.336838,5.3e-05,0.908159,0.225093,20088.649428,4115.999,4,2019-01-31 17:54:45.707173+00:00,2019-02-08 19:51:14.227036+00:00
spoc,89256802,00457.01,PC,58.7249,-26.4237,13.801,0.273,1411.56089,0.001288,1.176044,0.000103,0.982435,0.097701,15114.523729,1592.3192,4,2019-01-31 17:54:45.972630+00:00,2019-02-08 19:51:14.213795+00:00
spoc,64071894,00458.01,PC,39.135794,-22.245123,9.595,0.018,1414.163706,0.002296,17.529885,0.003168,2.174637,0.349883,1272.536936,125.4492,4,2019-01-31 17:54:45.476150+00:00,2019-02-08 19:51:14.204940+00:00
spoc,38603673,00459.01,PC,64.414947,-61.39211,9.542,0.021,1413.04999,0.001967,4.428047,0.000654,0.917873,0.426928,684.989673,83.96569,4,2019-01-31 17:54:45.018082+00:00,2019-02-08 19:51:14.200531+00:00
spoc,38846515,00106.01,PC,68.959732,-64.02704,10.307,0.019,1412.226619,0.000487,2.849446,9.5e-05,3.828487,0.034519,7465.152575,67.93786,4,2019-01-31 17:54:45.051842+00:00,2019-02-08 19:51:14.196117+00:00
spoc,35857242,00400.01,PC,41.63909,-0.463937,11.263,0.018,1413.315221,0.000913,3.634653,0.000217,4.004575,0.068333,8885.292377,158.51228,4,2019-01-31 17:54:44.788426+00:00,2019-02-08 19:51:14.178271+00:00
spoc,9804616,00460.01,PC,47.6431,-9.2768,14.121,0.04,1411.065871,0.000479,0.516835,1.6e-05,0.936413,0.044024,33190.706911,1349.0933,4,2019-01-31 17:54:44.351597+00:00,2019-02-08 19:51:14.173832+00:00
spoc,4646810,00461.01,PC,38.272058,-10.351773,8.81803,0.016797,1416.345972,0.00194,14.490034,0.002807,1.59402,0.35676,904.80174,96.06468,4,2019-01-31 17:54:44.224247+00:00,2019-02-08 19:51:14.169418+00:00
spoc,420049884,00462.01,PC,36.276352,1.323725,10.605,0.018,1414.821002,0.004905,4.106842,0.001393,3.142685,0.698093,914.990786,103.69129,4,2019-01-31 17:54:53.838334+00:00,2019-02-08 19:51:14.129579+00:00
spoc,176778112,00408.01,PC,47.827948,-35.628053,9.572,0.019,1411.537711,0.001846,1.339129,0.000168,1.708888,0.142557,957.910353,76.97738,4,2019-01-31 17:54:48.294460+00:00,2019-02-08 19:51:14.111926+00:00
spoc,176831592,00463.01,PC,48.956916,-32.802464,9.062,0.021,1411.535068,0.001297,1.266876,9.7e-05,1.976753,0.082404,3508.552918,124.85697,4,2019-01-31 17:54:48.413042+00:00,2019-02-08 19:51:14.107502+00:00
spoc,170634116,00413.01,PC,66.370903,-30.600444,9.675,0.018,1412.892196,0.000266,3.662382,6.8e-05,3.784056,0.019443,12455.982954,83.44921,4,2019-01-31 17:54:48.225938+00:00,2019-02-08 19:51:14.103112+00:00
spoc,422655579,00388.01,PC,29.263334,0.758835,10.141,0.018,1413.143411,0.000853,2.903458,0.00019,5.047564,0.064912,4657.875762,101.2635,4,2019-01-31 17:54:53.872381+00:00,2019-02-08 19:51:14.098705+00:00
spoc,398733009,00464.01,PC,32.16976,-9.046048,15.722,0.029,1411.561846,0.00143,0.818498,8.2e-05,0.944231,0.133635,54403.635797,4370.912,4,2019-01-31 17:54:53.609784+00:00,2019-02-08 19:51:14.089857+00:00
spoc,382391899,00391.01,PC,43.688073,-10.89808,11.008,0.018,1411.092942,0.000209,1.95512,2.7e-05,1.814349,0.014709,20043.855197,127.17992,4,2019-01-31 17:54:53.297491+00:00,2019-02-08 19:51:14.085428+00:00
spoc,270380593,00465.01,PC,32.781778,2.418047,10.661,0.018,1414.135825,0.000701,3.836317,0.000229,2.389717,0.084547,5578.265805,120.81916,4,2019-01-31 17:54:50.651926+00:00,2019-02-08 19:51:14.014121+00:00
spoc,219388773,00399.01,PC,77.047581,-50.858766,10.626,0.019,1412.386626,0.003344,1.571151,0.000355,1.335381,0.194366,790.433214,107.293594,4,2019-01-31 17:54:49.432418+00:00,2019-02-08 19:51:13.973932+00:00
spoc,159951311,00265.01,PC,49.562227,-41.302145,11.664,0.018,1411.268589,0.000652,5.924519,0.000261,2.838426,0.06848,11985.026117,192.04625,4,2019-01-31 17:54:47.606861+00:00,2019-02-08 19:51:13.919153+00:00
spoc,152476657,00415.01,PC,62.616051,-45.898221,10.551,0.018,1411.729736,0.000855,3.610839,0.000214,3.500788,0.062768,5558.645442,111.734764,4,2019-01-31 17:54:47.471243+00:00,2019-02-08 19:51:13.909447+00:00
qlp,100990000,00411.02,PC,54.819851,-42.762575,7.74,0.019,1385.74199,0.00691,4.03809,0.00255,2.5,0.765,160.0,0.835883,,2019-02-08 18:54:05.290658+00:00,2019-02-08 18:59:52.619012+00:00
qlp,92359850,00387.01,PC,52.225563,-19.97976,9.608,0.018,1411.50406,0.00121,4.15493,0.00034,2.806,0.148,3880.91,1.33063,4,2019-01-16 19:24:30.912183+00:00,2019-02-08 18:54:06.639864+00:00
qlp,271900960,00389.01,PC,112.941801,-75.527428,8.252,0.017,1330.37074,0.00386,13.45913,0.00113,3.428,0.388,2579.32,281.435,4,2019-01-16 19:24:30.871497+00:00,2019-02-08 18:54:06.598776+00:00
qlp,200723869,00257.01,PC,47.516558,-50.832418,7.012,0.017,1385.77602,0.00105,18.37073,0.0008,6.319,0.267,1284.07,0.203551,4,2019-01-16 19:24:30.810531+00:00,2019-02-08 18:54:06.537333+00:00
qlp,167415965,00214.01,PC,99.460653,-70.932628,7.965,0.018,1336.68217,0.00393,18.55378,0.00112,3.643,0.453,314.619,0.424317,4,2019-01-16 19:24:30.750994+00:00,2019-02-08 18:54:06.475847+00:00
qlp,328350926,00392.01,PC,46.931654,0.861311,8.253,0.018,1411.599,0.00022,0.84907,1e-05,1.358,0.03,19411.7,359.355,4,2019-01-16 19:24:30.692316+00:00,2019-02-08 18:54:06.414679+00:00
qlp,29960109,00393.01,PC,42.2493,-14.5379,10.72,0.219,1411.66942,0.00298,2.49221,0.00061,1.605,0.221,1213.94,3.7192,4,2019-01-16 19:24:30.672460+00:00,2019-02-08 18:54:06.394401+00:00
qlp,9858404,00394.01,PC,48.499528,-8.573568,7.956,0.019,1411.26947,0.00101,0.39149,2e-05,0.746,0.167,578.202,2.96102,4,2019-01-16 19:24:30.652495+00:00,2019-02-08 18:54:06.374116+00:00
qlp,272086159,00176.01,PC,115.0034,-72.2077,13.404,0.04,1363.04625,0.00081,16.15427,0.00013,1.608,0.132,73062.3,590.241,4,2019-01-16 19:24:30.613563+00:00,2019-02-08 18:54:06.333404+00:00
qlp,167418898,00383.01,PC,99.609505,-67.656173,10.179,0.018,1335.77232,0.00124,10.98042,0.00025,1.729,0.307,3142.6,7.96902,4,2019-01-16 19:24:30.497887+00:00,2019-02-08 18:54:06.211975+00:00
qlp,38541473,00395.01,PC,56.304548,-10.973384,10.781,0.036,1415.51522,0.00173,6.06054,0.00116,2.59,0.239,22776.6,1217.37,4,2019-01-16 19:24:30.359707+00:00,2019-02-08 18:54:06.069589+00:00
qlp,219379012,00397.01,PC,76.833821,-48.115925,10.209,0.019,1412.48913,0.00312,1.54683,0.00029,1.156,0.232,3815.49,485.919,4,2019-01-16 19:24:30.222049+00:00,2019-02-08 18:54:05.926227+00:00
qlp,259701242,00401.01,PC,74.466266,-53.817906,8.206,0.018,1384.17554,0.00571,2.4861,0.0005,2.304,0.294,168.01,0.521377,4,2019-01-16 19:24:30.023671+00:00,2019-02-08 18:54:05.723395+00:00
qlp,176984236,00405.01,PC,101.909386,-66.328353,10.539,0.018,1326.54565,0.00069,1.75617,2e-05,1.784,0.239,2693.73,1.44687,4,2019-01-16 19:24:29.944035+00:00,2019-02-08 18:54:05.641885+00:00
qlp,153065527,00406.01,PC,49.2624,-42.2424,11.222,0.04,1388.56658,0.00433,13.17363,0.00243,2.199,0.638,2087.47,7.78236,4,2019-01-16 19:24:29.885442+00:00,2019-02-08 18:54:05.580578+00:00
qlp,349518800,00407.01,PC,111.211769,-62.092491,12.705,0.018,1326.66101,0.00166,2.16555,6e-05,3.471,0.147,4453.64,1.67333,4,2019-01-16 19:24:29.768731+00:00,2019-02-08 18:54:05.457660+00:00
qlp,167754523,00409.01,PC,104.18169,-60.68697,9.083,0.017,1326.31473,0.00703,1.69992,0.00019,1.788,0.331,128.182,0.483356,4,2019-01-16 19:24:29.650643+00:00,2019-02-08 18:54:05.335308+00:00
qlp,206466531,00410.01,PC,56.815204,-52.98515,9.992,0.018,1384.6552,0.00246,1.42748,0.00011,1.839,0.144,492.964,0.595871,4,2019-01-16 19:24:29.631196+00:00,2019-02-08 18:54:05.315418+00:00
qlp,100990000,00411.01,PC,54.819851,-42.762575,7.74,0.019,1386.18895,0.00691,9.57219,0.00255,3.304,0.765,237.683,0.835883,4,2019-01-16 19:24:29.535035+00:00,2019-02-08 18:54:05.283818+00:00
qlp,277103955,00284.01,PC,84.25437,-66.791439,9.225,0.018,1326.41347,0.0077,1.30926,0.00016,2.76,0.406,112.12,0.482961,4,2019-01-16 19:24:28.807141+00:00,2019-02-08 18:54:05.079631+00:00
qlp,49899799,00416.01,PC,48.854273,-2.175283,8.259,0.018,1413.19546,0.00033,7.01152,0.00016,4.588,0.062,7442.97,0.369995,4,2019-01-16 19:24:28.552695+00:00,2019-02-08 18:54:04.814099+00:00
qlp,339733013,00417.01,PC,110.852026,-58.696747,10.038,0.018,1328.3763,0.00436,5.62145,0.00035,2.192,0.324,670.039,1.47739,4,2019-01-16 19:24:28.512900+00:00,2019-02-08 18:54:04.773255+00:00
qlp,382626661,00283.01,PC,118.569575,-65.441521,9.649,0.019,1333.47461,0.00409,17.61744,0.00143,3.566,0.377,448.25,0.979635,4,2019-01-16 19:24:28.472234+00:00,2019-02-08 18:54:04.731813+00:00
qlp,279251651,00419.01,PC,104.1553,-59.1833,10.521,0.04,1354.46663,0.00143,0.40387,1e-05,1.022,0.096,684.348,0.735206,4,2019-01-16 19:24:28.433284+00:00,2019-02-08 18:54:04.690114+00:00
qlp,408159788,00420.01,PC,78.447483,7.056052,10.569,0.018,1439.81321,0.00964,2.30067,0.00139,2.579,0.481,573.163,2.29415,,2019-01-31 16:53:31.218763+00:00,2019-02-06 15:29:10.357420+00:00
qlp,94986319,00421.01,PC,81.853443,-14.276947,9.216,0.017,1440.1431,0.00127,16.04807,0.0004,3.703,0.19,9183.67,583.447,,2019-01-31 16:53:30.554083+00:00,2019-02-06 15:29:10.305128+00:00
qlp,117979455,00422.01,PC,71.803187,-17.253066,8.924,0.018,1438.29783,0.00192,0.63322,7e-05,0.576,0.151,1133.72,16.2524,,2019-01-31 16:53:31.083186+00:00,2019-02-06 15:29:10.217998+00:00
qlp,43647325,00423.01,PC,76.081788,-6.229818,10.41,0.02,1440.12315,0.00023,3.16164,6e-05,3.067,0.042,16457.8,0.580572,,2019-01-31 16:53:31.063652+00:00,2019-02-06 15:29:10.200560+00:00
qlp,117979694,00424.01,PC,71.921335,-17.745092,10.453,0.018,1438.72101,0.00317,0.99114,0.00024,1.623,0.244,660.733,1.49485,,2019-01-31 16:53:30.927608+00:00,2019-02-06 15:29:10.166099+00:00
qlp,169532369,00425.01,PC,78.098844,-13.605637,11.523,0.018,1440.31143,0.00126,3.60364,0.00032,3.728,0.47,6281.32,3.09946,,2019-01-31 16:53:30.671669+00:00,2019-02-06 15:29:10.062455+00:00
qlp,189013224,00426.01,PC,79.1022,-15.510125,9.567,0.019,1438.52905,0.0063,1.3208,0.00061,1.598,0.312,414.347,1.69836,,2019-01-31 16:53:30.651988+00:00,2019-02-06 15:29:10.027579+00:00
qlp,70914192,00427.01,PC,64.657066,-17.419877,10.328,0.019,1438.32766,0.0003,0.60952,1e-05,1.023,0.023,27296.3,1264.9,,2019-01-31 16:53:30.573570+00:00,2019-02-06 15:29:09.941268+00:00
qlp,117979850,00428.01,PC,71.81028,-17.24836,7.788,0.018,1438.29579,0.00192,0.63324,9e-05,0.462,0.106,457.074,3.27152,,2019-01-31 16:53:30.514976+00:00,2019-02-06 15:29:09.924073+00:00
qlp,259592689,00429.01,PC,72.976909,-53.830583,10.188,0.033,1395.22958,0.02002,14.8042,0.00643,9.528,0.539,7525.67,2.41013,,2019-01-31 16:53:30.475537+00:00,2019-02-06 15:29:09.906794+00:00
qlp,459942762,00430.01,PC,60.278255,4.541177,8.225,0.018,1438.83761,0.00172,0.58644,6e-05,1.441,0.157,443.281,0.593425,,2019-01-31 16:53:31.006417+00:00,2019-02-06 15:29:09.889363+00:00
qlp,31374837,00431.01,PC,83.269151,-26.724584,8.113,0.019,1440.63138,0.00096,12.45941,0.0008,3.353,0.465,2049.26,1.11236,,2019-01-31 16:53:30.416215+00:00,2019-02-06 15:29:09.854909+00:00
qlp,38686737,00432.01,PC,57.865656,-10.614048,12.536,0.019,1439.97961,0.00087,2.24704,0.00014,2.713,0.065,18890.4,3.68202,,2019-01-31 16:53:30.396360+00:00,2019-02-06 15:29:09.837716+00:00
qlp,188989177,00433.01,PC,78.77844,-15.100444,9.098,0.017,1438.29916,0.00045,1.17409,4e-05,1.701,0.047,15161.7,704.605,,2019-01-31 16:53:31.317377+00:00,2019-02-06 15:29:09.680392+00:00
qlp,78055054,00434.01,PC,80.53816,-30.970843,12.775,0.019,1439.2501,0.00197,4.38886,0.00062,2.94,0.126,19895.1,9.52884,,2019-01-31 16:53:30.810020+00:00,2019-02-06 15:29:09.187184+00:00
qlp,44647437,00435.01,PC,59.41046,-25.189962,12.829,0.019,1411.84583,0.00602,3.35319,0.00062,1.959,0.296,2917.67,7.89275,,2019-01-31 16:53:30.868647+00:00,2019-02-06 15:29:09.006925+00:00
qlp,44745077,00436.01,PC,61.6399,-25.0937,13.041,0.04,1411.70271,0.00319,1.8756,0.00017,0.989,0.279,5666.3,38.9309,,2019-01-31 16:53:30.534620+00:00,2019-02-06 15:29:08.851958+00:00
qlp,32499655,00437.01,PC,84.326774,-27.972613,13.468,0.018,1440.26289,0.00218,2.7433,0.00044,1.263,0.258,11586.0,37.1741,,2019-01-31 16:53:31.258147+00:00,2019-02-06 15:29:08.747647+00:00
qlp,468880077,00438.01,PC,56.504316,9.990412,9.401,0.017,1441.05616,0.00628,5.8076,0.00281,1.802,0.405,897.312,2.85588,,2019-01-31 16:53:30.947336+00:00,2019-02-06 15:29:08.730034+00:00
qlp,13021029,00439.01,PC,75.299663,-26.054143,11.668,0.019,1439.12362,0.00094,3.85605,0.00024,3.918,0.176,8294.17,1.31453,,2019-01-31 16:53:31.102771+00:00,2019-02-06 15:29:08.677628+00:00
qlp,143350972,00440.01,PC,82.246364,-17.429212,7.652,0.018,1439.13519,0.00219,1.0817,0.00014,1.588,0.222,341.533,0.495141,,2019-01-31 16:53:30.356712+00:00,2019-02-06 15:29:08.659731+00:00
qlp,316916655,00441.01,PC,74.472819,-13.703695,9.196,0.018,1440.19448,0.00099,2.87436,0.00021,1.901,0.412,2490.41,6.36835,,2019-01-31 16:53:31.415284+00:00,2019-02-06 15:29:08.590548+00:00
qlp,70899085,00442.01,PC,64.19,-12.084,10.662,0.04,1438.38552,0.00064,4.05203,0.00016,1.299,0.053,4839.07,2.46116,,2019-01-31 16:53:30.790316+00:00,2019-02-06 15:29:08.573276+00:00
qlp,117979897,00443.01,PC,71.824416,-17.115154,12.02,0.019,1439.87246,0.00106,3.3106,0.00025,3.589,0.135,7844.13,2.09593,,2019-01-31 16:53:30.750908+00:00,2019-02-06 15:29:08.555988+00:00
qlp,179034327,00444.01,PC,64.18414,-26.765912,9.073,0.036,1417.58759,0.0035,17.97429,0.00207,3.904,0.272,883.495,0.629689,,2019-01-31 16:53:30.731074+00:00,2019-02-06 15:29:08.538713+00:00
qlp,14091704,00445.01,PC,77.323426,-36.590988,9.136,0.018,1438.41729,0.0006,0.76502,3e-05,1.028,0.163,1901.36,3.64386,,2019-01-31 16:53:30.711262+00:00,2019-02-06 15:29:08.521413+00:00
qlp,1449640,00446.01,PC,75.171624,-35.202599,11.883,0.018,1440.4336,0.00115,3.50175,0.0003,3.804,0.1,14123.3,2.44777,,2019-01-31 16:53:30.888243+00:00,2019-02-06 15:29:08.417263+00:00
qlp,14091633,00447.01,PC,77.260202,-36.464583,8.88,0.018,1440.93567,0.00029,5.52889,0.00015,2.351,0.061,20670.8,14.661,,2019-01-31 16:53:31.199177+00:00,2019-02-06 15:29:08.175105+00:00
qlp,1528696,00448.01,PC,75.795414,-30.399349,13.073,0.02,1438.40559,0.00109,0.88202,7e-05,0.58,0.093,38108.5,2345.85,,2019-01-31 16:53:31.122440+00:00,2019-02-06 15:29:08.105846+00:00
qlp,139528693,00449.01,PC,63.75624,-22.116432,11.765,0.019,1440.37673,0.00075,2.17542,0.00014,4.64,0.066,6863.25,0.665662,,2019-01-31 16:53:30.986887+00:00,2019-02-06 15:29:08.053936+00:00
qlp,77951245,00450.01,PC,79.004939,-31.412704,12.375,0.018,1443.1827,0.00089,10.68854,0.00017,2.465,0.159,64428.9,1496.55,,2019-01-31 16:53:30.849270+00:00,2019-02-06 15:29:07.992222+00:00
qlp,257605131,00451.01,PC,62.966444,-37.939784,10.236,0.018,1416.62451,0.00447,8.18554,0.00177,4.436,1.068,1853.42,7.97841,,2019-01-31 16:53:30.829712+00:00,2019-02-06 15:29:07.966277+00:00
qlp,139733308,00452.01,PC,67.222871,-21.481923,11.852,0.018,1441.13252,0.00141,4.76407,0.00049,3.079,0.282,11436.0,6.45925,,2019-01-31 16:53:30.632204+00:00,2019-02-06 15:29:07.761243+00:00
qlp,452808876,00453.01,PC,72.660671,1.893921,9.514,0.018,1438.96587,0.0004,2.70582,8e-05,4.968,0.031,6400.29,0.107904,,2019-01-31 16:53:30.691310+00:00,2019-02-06 15:29:07.691506+00:00
qlp,219253008,00268.01,PC,65.915985,-53.850952,9.6,0.05,1385.12498,0.00098,5.06665,0.00014,6.048,0.067,1911.43,0.162741,,2019-01-31 16:53:30.376448+00:00,2019-02-06 15:29:07.655844+00:00
spoc,325680697,00414.01,EB,36.853348,-12.038913,9.125,0.02,1411.517989,0.000337,1.824848,4e-05,1.96736,0.029417,5926.45502,56.519302,4,2019-01-31 17:54:52.031947+00:00,2019-02-01 16:20:58.020304+00:00
spoc,141608198,00210.01,PC,88.960448,-73.984659,12.507,0.017,1329.821358,0.003362,9.010138,0.000985,1.870258,0.304552,4415.455564,388.95905,2 1,2018-10-22 18:35:01.275103+00:00,2019-01-24 18:55:19.666773+00:00
qlp,47316976,00288.01,PC,340.307725,-28.032712,8.948,0.017,1364.46064,0.00204,,,6.204,0.866,1481.46,2.38882,2,2018-09-28 22:22:05.612683+00:00,2018-12-20 19:41:34.453457+00:00
qlp,201292545,00289.01,PC,2.900495,-56.599656,11.393,0.018,1326.64586,0.00307,,,6.463,0.651,7480.96,59.805,2,2018-10-03 02:14:38.967600+00:00,2018-12-20 19:40:34.760267+00:00
qlp,201233610,00290.01,PC,359.516537,-49.300804,12.899,0.018,1360.59149,0.00195,,,4.478,0.235,53195.8,1852.48,2,2018-10-03 02:14:37.623590+00:00,2018-12-20 19:39:57.437285+00:00
qlp,49710555,00291.01,PC,352.164383,-10.859566,12.248,0.019,1359.62204,0.00326,12.07397,0.00381,3.626,0.293,19440.1,2105.12,2,2018-10-02 01:49:36.413400+00:00,2018-12-20 19:39:11.185401+00:00
qlp,180285396,00292.01,PC,14.713941,-36.68835,13.193,0.018,1363.14401,0.00301,10.3698,0.00451,2.272,0.21,11344.0,21.4374,2,2018-10-03 02:14:38.620405+00:00,2018-12-20 19:39:11.149862+00:00
qlp,355637190,00293.01,PC,358.154472,-54.468865,11.004,0.018,1326.22108,0.00072,0.80546,2e-05,1.189,0.183,3080.3,5.19045,2,2018-10-03 02:14:39.579995+00:00,2018-12-20 19:39:11.114293+00:00
qlp,188570092,00294.01,PC,339.026294,-16.999954,11.386,0.033,1358.78126,0.0011,7.32829,0.00054,2.939,0.201,12507.5,4.38753,2,2018-10-02 01:49:36.313853+00:00,2018-12-20 19:39:11.078566+00:00
qlp,327952677,00295.01,PC,359.091748,-13.271651,12.058,0.019,1356.40432,0.00113,3.39656,0.00028,2.094,0.301,9322.75,8.23177,2,2018-10-02 01:49:36.293278+00:00,2018-12-20 19:39:11.042118+00:00
qlp,382463648,00296.01,PC,353.104835,-45.909528,13.042,0.018,1355.52978,0.00317,12.62733,0.00201,3.523,0.346,7993.2,12.1196,2,2018-10-03 02:14:39.540293+00:00,2018-12-20 19:39:11.006505+00:00
qlp,115242351,00297.01,PC,6.176856,-36.114396,13.006,0.018,1358.77289,0.0076,5.67116,0.00336,1.783,0.722,6169.6,475.513,2,2018-10-03 02:14:39.519885+00:00,2018-12-20 19:39:10.971113+00:00
qlp,206686292,00298.01,PC,344.060677,-34.361099,12.708,0.018,1354.35602,0.0016,1.32901,0.00014,1.756,0.123,30730.6,3419.63,2,2018-10-02 01:49:36.261026+00:00,2018-12-20 19:39:10.935450+00:00
qlp,156075294,00299.01,PC,10.594603,-48.29355,12.243,0.018,1354.69581,0.0036,5.72144,0.0012,4.069,0.758,5849.18,13.6477,2,2018-10-03 02:14:39.294682+00:00,2018-12-20 19:39:10.899693+00:00
qlp,166697854,00300.01,PC,35.737327,-53.070244,10.481,0.02,1354.42965,0.00237,2.75753,0.00046,1.376,0.164,1071.45,2.16867,2,2018-09-29 02:24:32.521989+00:00,2018-12-20 19:39:10.863975+00:00
qlp,144301052,00301.01,PC,354.297494,-42.010266,12.017,0.018,1356.92824,0.00631,3.74317,0.00187,2.781,0.369,1493.41,5.19818,2,2018-10-03 02:14:39.416984+00:00,2018-12-20 19:39:10.828065+00:00
qlp,229111835,00302.01,PC,17.480755,-52.239441,12.829,0.019,1356.68237,0.00169,6.70145,0.00101,1.579,0.172,9937.94,17.7796,2,2018-10-03 02:14:39.396573+00:00,2018-12-20 19:39:10.792400+00:00
qlp,145750719,00303.01,PC,341.364029,-14.991761,11.972,0.018,1357.55952,0.00192,3.56133,0.00058,3.763,0.245,4936.7,3.72449,2,2018-10-02 01:49:35.979356+00:00,2018-12-20 19:39:10.756808+00:00
qlp,262530873,00304.01,PC,20.494044,-44.416756,12.466,0.018,1356.28606,0.00539,2.24172,0.00091,3.989,0.304,19016.2,28.7603,2,2018-10-03 02:14:39.375962+00:00,2018-12-20 19:39:10.720817+00:00
qlp,2758565,00287.01,PC,356.283124,-17.449174,12.284,0.018,1356.03117,0.00123,3.78192,0.00043,2.041,0.113,41928.5,3071.56,2,2018-10-02 01:49:35.921624+00:00,2018-12-20 19:39:10.685207+00:00
qlp,102030574,00305.01,PC,15.844683,-44.705807,12.26,0.018,1364.10083,0.00074,9.94962,0.00096,4.23,0.32,17432.6,7.81254,2,2018-10-03 02:14:39.335383+00:00,2018-12-20 19:39:10.649461+00:00
qlp,114749636,00306.01,PC,359.191553,-22.153163,11.708,0.018,1357.67041,0.00131,4.59971,0.0005,4.207,0.36,6999.89,1.35751,2,2018-10-02 01:49:35.862368+00:00,2018-12-20 19:39:10.613704+00:00
qlp,9100874,00307.01,PC,350.578441,-22.67739,13.073,0.019,1357.84005,0.00352,6.16425,0.00199,2.432,0.244,41769.7,4162.09,2,2018-10-02 01:49:35.842981+00:00,2018-12-20 19:39:10.577843+00:00
qlp,281710229,00308.01,PC,11.484669,-55.922574,11.645,0.018,1360.88042,0.00127,8.30985,0.00127,2.252,0.069,45266.8,1159.35,2,2018-10-03 02:14:37.176650+00:00,2018-12-20 19:39:10.542027+00:00
qlp,228507250,00309.01,PC,358.039584,-15.80083,12.328,0.017,1360.01144,0.00171,6.15864,0.00127,2.146,0.318,11755.7,11.1878,2,2018-10-02 01:49:35.804217+00:00,2018-12-20 19:39:10.506015+00:00
qlp,175477257,00310.01,PC,351.105838,-36.975983,12.357,0.018,1356.58788,0.00149,4.26938,0.00043,3.786,0.323,7563.24,4.00559,2,2018-10-03 02:14:39.232835+00:00,2018-12-20 19:39:10.470249+00:00
qlp,434105231,00311.01,PC,354.33556,-13.455698,12.819,0.018,1354.99864,0.0005,0.79632,3e-05,1.175,0.051,38913.6,1729.29,2,2018-10-02 01:49:35.765405+00:00,2018-12-20 19:39:10.434504+00:00
qlp,180145006,00312.01,PC,14.523299,-37.942514,12.208,0.018,1357.54535,0.00313,3.54148,0.00065,2.115,0.578,4668.74,12.9041,2,2018-10-03 02:14:39.171668+00:00,2018-12-20 19:39:10.398418+00:00
qlp,9102327,00313.01,PC,350.779792,-19.419677,11.258,0.018,1354.54332,0.00351,3.2615,0.00086,2.233,0.211,1652.28,2.86135,2,2018-10-02 01:49:35.668083+00:00,2018-12-20 19:39:10.362601+00:00
qlp,316769613,00314.01,PC,354.668235,-32.860621,11.098,0.018,1355.59503,0.00519,10.18242,0.00536,3.897,0.679,992.522,3.54336,2,2018-10-02 01:49:35.628153+00:00,2018-12-20 19:39:10.326724+00:00
qlp,66356824,00315.01,PC,12.076306,-32.119339,12.359,0.018,1355.60958,0.0027,1.77662,0.00036,1.297,0.21,2920.56,8.80054,2,2018-10-03 02:14:39.110518+00:00,2018-12-20 19:39:10.290813+00:00
qlp,8988289,00316.01,PC,354.759305,-9.882061,12.996,0.019,1365.98759,9e-05,13.32379,0.0,2.561,0.0,95718.1,0.751665,2,2018-10-02 01:49:35.470820+00:00,2018-12-20 19:39:10.255077+00:00
qlp,402319411,00317.01,PC,353.539987,-14.859942,12.888,0.018,1355.09217,0.00391,3.3262,0.00094,2.931,0.21,23018.2,28.4816,2,2018-10-02 01:49:35.450914+00:00,2018-12-20 19:39:10.219458+00:00
qlp,206352378,00318.01,PC,355.015478,-53.039028,13.151,0.018,1327.33174,0.00117,3.74649,0.00014,2.118,0.27,18568.1,37.3027,2,2018-10-03 02:14:38.947243+00:00,2018-12-20 19:39:10.147382+00:00
qlp,389753172,00319.01,PC,351.290954,-47.945505,12.63,0.018,1325.89923,0.00035,0.71356,1e-05,0.965,0.04,42497.5,1939.62,2,2018-10-03 02:14:38.783939+00:00,2018-12-20 19:39:10.111643+00:00
qlp,188593930,00320.01,PC,345.522736,-16.359925,12.345,0.06,1354.27607,0.00343,1.46503,0.00029,1.145,0.252,3162.12,9.28965,2,2018-10-02 01:49:35.430387+00:00,2018-12-20 19:39:10.075830+00:00
qlp,175476629,00321.01,PC,350.977728,-38.225709,12.794,0.018,1354.27156,0.00674,1.14057,0.00053,2.188,0.24,5009.01,843.33,2,2018-10-03 02:14:38.845234+00:00,2018-12-20 19:39:10.040058+00:00
qlp,198077394,00322.01,PC,63.825187,-56.253756,10.671,0.019,1355.68563,0.00157,3.99076,0.0005,3.752,0.622,2942.91,2.97196,2,2018-09-28 18:08:56.792466+00:00,2018-12-20 19:39:10.004030+00:00
qlp,251852984,00323.01,PC,8.202822,-32.059327,13.272,0.018,1355.57459,0.00404,2.77422,0.0008,1.71,0.32,4575.49,15.247,2,2018-10-03 02:14:38.763456+00:00,2018-12-20 19:39:09.968387+00:00
qlp,156002449,00324.01,PC,8.481881,-50.729261,13.344,0.019,1357.7274,0.00166,5.2852,0.00063,4.869,0.145,25198.7,5.90152,2,2018-10-03 02:14:38.742915+00:00,2018-12-20 19:39:09.932779+00:00
qlp,66413476,00325.01,PC,13.876994,-33.512212,11.884,0.018,1357.72126,0.00274,4.36924,0.0008,1.679,0.224,13626.8,1823.54,2,2018-10-03 02:14:38.720967+00:00,2018-12-20 19:39:09.897063+00:00
qlp,144336525,00326.01,PC,356.114886,-46.866585,11.699,0.018,1354.25954,0.00091,0.24733,1e-05,0.499,0.063,6445.33,758.25,2,2018-10-03 02:14:38.700781+00:00,2018-12-20 19:39:09.861126+00:00
qlp,206669860,00327.01,PC,343.633006,-34.502741,13.402,0.018,1362.96027,0.00415,10.06378,0.00509,2.045,0.602,12453.2,100.978,2,2018-10-02 01:49:35.272029+00:00,2018-12-20 19:39:09.825493+00:00
qlp,139357541,00328.01,PC,349.487672,-43.92556,12.724,0.018,1355.80666,0.00294,4.47894,0.00109,1.311,0.229,12404.7,1287.53,2,2018-10-03 02:14:38.640667+00:00,2018-12-20 19:39:09.789627+00:00
qlp,169765334,00329.01,PC,351.32088,-15.634658,10.653,0.018,1354.94883,0.01313,5.7018,0.00449,4.452,0.881,3739.38,460.686,2,2018-10-02 01:49:35.252280+00:00,2018-12-20 19:39:09.753756+00:00
qlp,27966179,00330.01,PC,358.751494,-22.538712,12.721,0.02,1355.6917,0.00101,4.27958,0.00034,2.499,0.276,14349.8,19.8844,2,2018-10-02 01:49:35.232396+00:00,2018-12-20 19:39:09.717614+00:00
qlp,262531275,00331.01,PC,20.41931,-42.481733,12.963,0.019,1356.00813,0.00468,2.48421,0.00074,1.554,0.601,4987.6,395.597,2,2018-10-03 02:14:38.600067+00:00,2018-12-20 19:39:09.681729+00:00
qlp,139285832,00332.01,PC,348.058743,-44.876365,11.458,0.018,1325.80984,0.00201,0.77707,5e-05,1.408,0.218,1319.72,1.5785,2,2018-10-03 02:14:38.579582+00:00,2018-12-20 19:39:09.646064+00:00
qlp,224245334,00333.01,PC,353.357466,-41.171509,11.474,0.019,1355.55844,0.00559,3.79069,0.00166,2.661,0.472,1026.28,4.78334,2,2018-10-03 02:14:38.560012+00:00,2018-12-20 19:39:09.610262+00:00
qlp,233964642,00334.01,PC,36.498808,-63.64756,9.542,0.019,1325.44586,0.00138,17.91563,0.00097,1.974,0.059,62574.1,536.592,2,2018-09-29 02:24:31.234532+00:00,2018-12-20 19:39:09.574417+00:00
qlp,41865539,00335.01,PC,21.322323,-39.947812,12.287,0.018,1354.86627,0.00394,1.26092,0.0004,2.718,0.72,4825.94,27.7901,2,2018-10-03 02:14:38.539579+00:00,2018-12-20 19:39:09.538349+00:00
qlp,55452495,00336.01,PC,70.670414,-64.885194,9.951,0.018,1328.46551,0.00026,8.85709,7e-05,0.403,0.053,4962.19,32.4787,2,2018-10-01 16:12:38.666370+00:00,2018-12-20 19:39:09.502564+00:00
qlp,155986102,00337.01,PC,7.329948,-50.140124,11.944,0.018,1360.61731,0.00148,6.87168,0.00112,3.16,0.165,39248.4,3340.78,2,2018-10-03 02:14:38.498732+00:00,2018-12-20 19:39:09.467074+00:00
qlp,116156517,00338.01,PC,7.709303,-40.573434,11.277,0.018,1357.37358,0.00139,5.36732,0.00057,4.569,0.544,6303.88,2.53914,2,2018-10-03 02:14:38.477971+00:00,2018-12-20 19:39:09.431421+00:00
qlp,69838258,00339.01,PC,337.921602,-21.945681,12.041,0.018,1354.57336,0.00139,6.73069,0.00072,3.503,0.193,14721.7,7.32169,2,2018-10-02 01:49:35.114653+00:00,2018-12-20 19:39:09.395709+00:00
qlp,80439101,00340.01,PC,11.747296,-44.369938,12.573,0.018,1361.05759,0.00237,7.42229,0.00093,6.432,0.37,47910.2,429.882,2,2018-10-03 02:14:38.355978+00:00,2018-12-20 19:39:09.360223+00:00
qlp,33911302,00341.01,PC,355.844948,-23.997888,13.249,0.019,1355.75117,0.00169,1.81383,0.00024,1.113,0.123,12561.0,18.8225,2,2018-10-02 01:49:35.055591+00:00,2018-12-20 19:39:09.324424+00:00
qlp,415969574,00342.01,PC,342.170291,-18.520457,12.79,0.019,1362.57199,0.00281,10.45776,0.00388,3.148,0.289,8773.24,12.3668,2,2018-10-02 01:49:35.036149+00:00,2018-12-20 19:39:09.288619+00:00
qlp,66497310,00343.01,PC,356.045314,-18.889502,12.357,0.033,1355.52155,0.00266,1.75649,0.00036,1.377,0.175,3133.49,7.76834,2,2018-10-02 01:49:35.017063+00:00,2018-12-20 19:39:09.253274+00:00
qlp,13023378,00344.01,PC,347.053599,-28.007883,11.869,0.018,1358.25733,0.00177,6.06764,0.001,2.895,0.131,6362.78,3.56978,2,2018-10-02 01:49:34.996664+00:00,2018-12-20 19:39:09.217621+00:00
qlp,308208458,00345.01,PC,5.696952,-34.39209,13.469,0.019,1362.15706,0.00301,11.22917,0.00294,2.893,0.302,12866.3,17.3964,2,2018-10-03 02:14:37.704440+00:00,2018-12-20 19:39:09.181999+00:00
qlp,118327533,00346.01,PC,10.3445,-37.343003,12.688,0.019,1354.79225,0.00155,8.28154,0.00099,2.317,0.157,40635.6,2585.21,2,2018-10-03 02:14:38.193448+00:00,2018-12-20 19:39:09.146024+00:00
qlp,224271611,00347.01,PC,354.489847,-36.571572,11.164,0.018,1355.18601,0.00428,4.0394,0.00109,0.749,0.196,1627.44,58.0422,2,2018-10-03 02:14:37.359475+00:00,2018-12-20 19:39:09.110218+00:00
qlp,70785910,00348.01,PC,1.583606,-30.336272,12.169,0.018,1354.36474,0.00131,0.49486,4e-05,1.008,0.249,3031.36,14.2781,2,2018-10-02 01:49:34.837383+00:00,2018-12-20 19:39:09.074504+00:00
qlp,382474101,00349.01,PC,12.274293,-52.046527,10.179,0.04,1354.56049,0.00043,2.65221,7e-05,3.791,0.221,10286.5,1.70453,2,2018-09-29 00:33:32.052869+00:00,2018-12-20 19:39:09.038825+00:00
qlp,199731190,00350.01,PC,21.292013,-47.262926,12.306,0.018,1355.90325,0.00168,2.51276,0.00031,1.417,0.135,4449.3,4.91533,2,2018-10-03 02:14:38.112318+00:00,2018-12-20 19:39:09.002554+00:00
qlp,228381868,00351.01,PC,357.580534,-17.077572,12.026,0.018,1356.67382,0.00242,3.46583,0.0006,3.878,0.143,4777.63,2.00989,2,2018-10-02 01:49:34.739170+00:00,2018-12-20 19:39:08.966655+00:00
qlp,47423120,00352.01,PC,342.067496,-24.838607,10.948,0.018,1356.83006,0.0002,11.6235,0.00022,2.783,0.142,44708.7,19.9684,2,2018-10-02 01:49:34.700295+00:00,2018-12-20 19:39:08.930995+00:00
qlp,100099031,00353.01,PC,24.272345,-46.945312,13.369,0.018,1355.02081,0.00302,1.29866,0.00028,2.017,0.459,7804.01,25.9875,2,2018-10-03 02:14:38.031386+00:00,2018-12-20 19:39:08.895068+00:00
qlp,100097716,00354.01,PC,24.047739,-42.303771,11.321,0.027,1354.37712,0.0012,2.99995,0.00019,1.458,0.278,7921.65,12.8631,2,2018-10-03 02:14:37.990846+00:00,2018-12-20 19:39:08.859255+00:00
qlp,183593642,00355.01,PC,17.888013,-36.709111,10.934,0.019,1355.08121,0.00204,1.03742,0.00014,0.783,0.295,1796.3,54.1739,2,2018-10-03 02:14:37.970710+00:00,2018-12-20 19:39:08.823367+00:00
qlp,369336146,00356.01,PC,6.06998,-37.222073,12.977,0.018,1358.03764,0.00596,5.77014,0.00468,3.781,0.594,3164.71,12.1891,2,2018-10-03 02:14:37.950344+00:00,2018-12-20 19:39:08.787697+00:00
qlp,220016044,00357.01,PC,32.321768,-48.484745,10.394,0.019,1354.34394,0.00449,0.93985,0.00032,0.923,0.415,597.282,9.9105,2,2018-09-29 02:24:30.112814+00:00,2018-12-20 19:39:08.751969+00:00
qlp,321982642,00358.01,PC,3.060934,-47.355409,12.827,0.018,1356.32633,0.00147,9.105,0.0012,1.806,0.196,25320.7,1489.6,2,2018-10-03 02:14:37.907000+00:00,2018-12-20 19:39:08.716196+00:00
qlp,80432617,00359.01,PC,11.67308,-42.361801,12.239,0.031,1360.67423,0.01071,5.48403,0.00596,6.461,2.104,1790.96,17.571,2,2018-10-03 02:14:37.886588+00:00,2018-12-20 19:39:08.680194+00:00
qlp,13023738,00360.01,PC,347.084817,-29.590306,12.184,0.018,1354.97828,0.00649,8.05577,0.00291,2.835,0.4,3043.7,7.07752,2,2018-10-02 01:49:34.621356+00:00,2018-12-20 19:39:08.643876+00:00
qlp,144276942,00361.01,PC,353.904034,-44.808807,11.853,0.018,1354.57959,0.0025,1.53533,0.00025,0.499,0.178,2645.0,66.7346,2,2018-10-03 02:14:37.765503+00:00,2018-12-20 19:39:08.607750+00:00
qlp,305048116,00362.01,PC,353.238144,-28.319746,12.506,0.018,1357.85959,0.0039,7.11679,0.00192,1.979,0.298,4062.74,10.5072,2,2018-10-02 01:49:34.601489+00:00,2018-12-20 19:39:08.571897+00:00
qlp,262530780,00363.01,PC,20.547259,-44.861946,12.871,0.018,1361.87743,0.00184,8.22393,0.00156,2.266,0.35,15573.1,209.203,2,2018-10-03 02:14:37.745305+00:00,2018-12-20 19:39:08.536271+00:00
qlp,47425697,00364.01,PC,342.256131,-24.959275,10.431,0.018,1354.46949,0.00517,0.49393,0.00018,0.89,0.395,456.821,10.0033,2,2018-09-28 18:08:58.039069+00:00,2018-12-20 19:39:08.500478+00:00
qlp,118586896,00365.01,PC,10.922291,-38.043195,13.209,0.018,1365.97342,0.00173,12.10588,0.00208,3.393,0.157,67723.6,1063.27,2,2018-10-03 02:14:37.663827+00:00,2018-12-20 19:39:08.465005+00:00
qlp,251878904,00366.01,PC,9.691992,-34.214912,13.475,0.018,1354.48285,0.00494,1.70429,0.00049,1.933,0.588,7629.91,71.1437,2,2018-10-03 02:14:37.643687+00:00,2018-12-20 19:39:08.429153+00:00
qlp,9033144,00367.01,PC,349.606182,-19.823931,9.713,0.018,1354.29153,0.00156,4.71452,0.00057,3.317,0.138,19805.2,731.509,2,2018-09-28 22:22:08.466558+00:00,2018-12-20 19:39:08.392978+00:00
qlp,77031413,00368.01,PC,354.170142,-34.611816,11.442,0.018,1355.1953,0.0003,1.38665,3e-05,2.289,0.042,21516.7,1.67738,2,2018-10-02 01:49:34.462904+00:00,2018-12-20 19:39:08.321318+00:00
qlp,175482273,00369.01,PC,351.229222,-38.160736,9.054,0.019,1354.34549,0.00064,5.46349,0.00032,2.973,0.259,3229.13,0.802102,2,2018-09-28 18:09:02.939488+00:00,2018-12-20 19:39:08.285428+00:00
qlp,251855940,00370.01,PC,8.659667,-32.166524,13.465,0.018,1354.28979,0.00112,4.04655,0.00038,2.993,0.292,24618.6,21.69,2,2018-10-03 02:14:37.481816+00:00,2018-12-20 19:39:08.213766+00:00
qlp,156016136,00371.01,PC,8.923843,-50.316982,12.609,0.018,1357.43733,0.00297,3.4805,0.00073,2.24,0.183,4760.73,6.66082,2,2018-10-03 02:14:37.440583+00:00,2018-12-20 19:39:08.177458+00:00
qlp,441075486,00372.01,PC,359.759017,-15.612006,11.954,0.018,1354.76663,0.00045,1.12026,3e-05,2.118,0.034,42040.2,1108.42,2,2018-10-02 01:49:34.323819+00:00,2018-12-20 19:39:08.140687+00:00
qlp,9032368,00373.01,PC,355.901887,-11.269515,13.21,0.018,1355.67942,0.00364,1.632,0.00042,1.466,0.341,5681.64,21.4543,2,2018-10-02 01:49:34.443228+00:00,2018-12-20 19:39:08.102636+00:00
qlp,183675732,00374.01,PC,358.227493,-41.700497,12.93,0.018,1356.62212,0.00294,5.4823,0.0015,3.914,0.225,7328.4,4.65535,2,2018-10-03 02:14:37.278100+00:00,2018-12-20 19:39:08.063026+00:00
qlp,280097543,00375.01,PC,47.150091,-77.383278,10.387,0.019,1329.29739,0.01149,9.44859,0.00358,10.058,1.046,578.908,1.22075,2,2018-09-29 02:24:30.675456+00:00,2018-12-20 19:39:07.951062+00:00
qlp,144301273,00376.01,PC,354.445491,-42.966404,12.386,0.018,1355.44295,0.00138,2.75161,0.00024,1.697,0.278,9209.98,8.14321,2,2018-10-03 02:14:37.237390+00:00,2018-12-20 19:39:07.813007+00:00
qlp,139285736,00377.01,PC,348.039807,-45.017154,11.896,0.018,1326.05107,0.0011,1.55028,5e-05,1.571,0.085,23529.8,2256.7,2,2018-10-03 02:14:37.156315+00:00,2018-12-20 19:39:07.681024+00:00
qlp,20892672,00378.01,PC,1.39897,-19.489429,12.378,0.127,1356.50088,0.00214,3.10926,0.00045,2.506,0.221,5448.84,4.46476,2,2018-09-28 22:22:04.678161+00:00,2018-12-20 19:39:07.508015+00:00
qlp,220396259,00379.01,PC,68.891565,-56.138684,9.894,0.019,1354.7083,0.0025,0.91693,0.00013,1.463,0.183,462.629,0.623461,2,2018-10-01 16:12:38.825215+00:00,2018-12-20 19:39:07.375870+00:00
qlp,100014359,00380.01,PC,23.280468,-47.882043,13.405,0.019,1354.38198,0.00069,0.50459,2e-05,1.339,0.12,17494.4,51.9704,2,2018-10-03 02:14:37.116407+00:00,2018-12-20 19:39:07.268334+00:00
qlp,207084429,00381.01,PC,22.756615,-51.215438,7.186,0.019,1356.07033,0.00392,4.89388,0.00156,2.789,0.348,352.722,0.541213,2,2018-09-29 02:24:28.772947+00:00,2018-12-20 19:39:07.232511+00:00
qlp,229091748,00382.01,PC,3.79769,-46.272415,12.66,0.018,1354.59152,0.00135,0.4568,4e-05,0.548,0.067,3428.7,9.59936,2,2018-10-03 02:14:36.974788+00:00,2018-12-20 19:39:07.196647+00:00
qlp,155995204,00384.01,PC,7.658508,-52.049388,13.481,0.019,1357.58381,0.00235,9.30734,0.00218,4.683,0.274,42774.4,1444.99,2,2018-10-03 02:14:36.954449+00:00,2018-12-20 19:39:07.125025+00:00
qlp,300810086,00385.01,PC,116.814028,-69.0307,8.983,0.017,1326.06183,0.00173,0.66797,4e-05,0.769,0.241,512.633,4.45722,2,2018-10-01 16:12:38.186177+00:00,2018-12-20 19:39:07.089245+00:00
qlp,238059180,00386.01,PC,104.138389,-53.545486,9.97,0.018,1356.21389,0.00392,5.112,0.00132,1.27,0.455,1381.3,7.92283,2,2018-10-01 16:12:38.126146+00:00,2018-12-20 19:39:07.052824+00:00
spoc,279741379,00186.01,PC,51.74676,-63.499154,6.95341,0.017139,1350.3,0.001598,,,2.497779,0.134082,929.253415,,3 2 1,2018-12-04 21:48:30.110473+00:00,2018-12-17 20:55:16.001006+00:00
spoc,32090583,00218.01,PC,58.42027,-68.739532,13.551,0.064,1325.550345,0.001127,0.438317,1.8e-05,0.754144,0.153195,2189.628541,308.80426,3 2 1,2018-12-04 21:47:35.775797+00:00,2018-12-17 03:48:37.604982+00:00
spoc,309792357,00199.01,PC,80.105474,-59.895662,10.0,0.019,1361.02496,,,,7.305071,0.146667,13000.0,,3 2 1,2018-12-04 21:48:38.918084+00:00,2018-12-17 03:47:04.194315+00:00
spoc,29781292,00282.02,PC,65.238019,-68.102664,8.932,0.017,1355.735635,0.003949,31.323499,0.005843,3.073476,1.194923,385.010273,55.89187,3 2 1,2018-12-04 21:47:32.458949+00:00,2018-12-14 15:52:45.440421+00:00
spoc,29781292,00282.01,PC,65.238019,-68.102664,8.932,0.017,1337.21241,0.003585,56.00327,0.005172,9.045741,0.320251,762.394566,35.47119,3 2 1,2018-12-04 21:47:32.439287+00:00,2018-12-14 15:52:45.435841+00:00
spoc,29831208,00124.01,PC,66.582618,-67.806508,11.04,0.018,1326.544424,0.001148,1.84286,4.6e-05,1.719758,0.104861,2469.541609,128.68199,3 1,2018-12-04 21:47:32.519105+00:00,2018-12-14 15:52:45.422047+00:00
spoc,425997655,00174.01,PC,55.459877,-62.767049,8.69687,0.018031,1342.994583,0.001819,17.668189,0.001413,2.745577,0.298883,682.497924,46.529156,3 2 1,2018-12-04 21:48:53.755936+00:00,2018-12-14 15:52:45.417494+00:00
spoc,425997655,00174.04,PC,55.459877,-62.767049,8.69687,0.018031,1326.029824,0.003407,3.976337,0.000299,1.591158,0.203994,181.341014,24.060326,3 2 1,2018-12-04 21:48:53.813770+00:00,2018-12-14 15:52:45.412953+00:00
spoc,425997655,00174.03,PC,55.459877,-62.767049,8.69687,0.018031,1335.733561,0.009855,12.166894,0.004979,3.762924,0.660261,344.725694,165.30083,3 2 1,2018-12-04 21:48:53.794646+00:00,2018-12-14 15:52:45.408386+00:00
spoc,425997655,00174.02,PC,55.459877,-62.767049,8.69687,0.018031,1340.303729,0.002602,29.797713,0.001995,2.956428,0.37789,615.266785,46.774258,3 2 1,2018-12-04 21:48:53.775445+00:00,2018-12-14 15:52:45.403750+00:00
spoc,373844472,00275.01,PC,81.516837,-67.233034,10.975,0.019,1326.061419,0.000213,0.919476,4e-06,1.463932,0.021281,10356.767204,103.05044,3 1,2018-12-04 21:48:48.541907+00:00,2018-12-14 15:52:45.371660+00:00
spoc,350445771,00258.01,PC,85.46744,-56.740516,10.998,0.019,1326.800815,0.001485,3.190394,0.000106,1.806342,0.080928,3437.243608,208.87587,3 2 1,2018-12-04 21:48:44.042490+00:00,2018-12-14 15:52:45.357960+00:00
spoc,300293197,00211.01,PC,110.279641,-68.578384,9.448,0.019,1329.255719,0.001078,6.563939,0.000169,1.679329,0.08334,2055.220997,84.44678,3 2 1,2018-12-04 21:48:36.195888+00:00,2018-12-14 15:52:45.325526+00:00
spoc,262530407,00177.01,PC,20.4391,-46.7144,9.438,0.016,1356.153,0.000649,2.853133,6.6e-05,1.264674,0.13067,1589.963199,58.600864,3 2,2018-12-04 21:48:23.461539+00:00,2018-12-14 15:52:45.251671+00:00
spoc,237924601,00252.01,PC,57.553578,-63.053777,11.624,0.019,1354.720066,0.000731,1.002192,2.8e-05,0.633253,0.247183,1892.113763,148.03098,3 2,2018-12-04 21:48:18.374015+00:00,2018-12-14 15:52:45.233253+00:00
spoc,220459976,00285.01,PC,74.697149,-56.394049,12.113,0.018,1361.663925,0.004797,32.332528,0.006676,3.459632,0.786024,2425.505189,288.4887,3 2,2018-12-04 21:48:12.231084+00:00,2018-12-14 15:52:45.210241+00:00
spoc,207141131,00179.01,PC,44.262259,-56.192071,8.141,0.017,1354.588395,0.000649,4.137394,9.6e-05,1.829919,0.136448,1134.536706,42.86272,3 2,2018-12-04 21:48:08.212531+00:00,2018-12-14 15:52:45.205640+00:00
spoc,201793781,00248.01,PC,34.683547,-54.859771,8.445,0.02,1354.835774,0.001932,5.991198,0.000404,3.462171,0.240267,498.280389,33.505875,3 2,2018-12-04 21:48:06.654715+00:00,2018-12-14 15:52:45.191844+00:00
spoc,158623531,00246.01,PC,24.168162,-50.659178,11.192,0.018,1355.732521,0.000422,7.872846,0.000122,3.734301,0.037184,14870.542999,109.76864,3 2,2018-12-04 21:47:56.787026+00:00,2018-12-14 15:52:45.159535+00:00
spoc,166739520,00190.01,PC,36.775436,-50.284518,9.632,0.018,1357.571578,0.000478,10.020817,0.000175,5.79945,0.035616,8256.898746,52.415806,3 2,2018-12-04 21:47:56.956129+00:00,2018-12-14 15:52:45.154925+00:00
spoc,150030205,00286.01,PC,90.983643,-60.666326,9.076,0.018,1327.82102,0.003063,4.511412,0.000323,1.867482,0.334433,277.134476,28.69174,3 2 1,2018-12-04 21:47:53.708181+00:00,2018-12-14 15:52:45.136548+00:00
spoc,149603524,00102.01,PC,87.139956,-63.988427,9.716,0.018,1326.078557,0.000134,4.411955,1.3e-05,3.77916,0.009842,14034.13547,35.93963,3 2 1,2018-12-04 21:47:52.057484+00:00,2018-12-14 15:52:45.131917+00:00
spoc,100100827,00185.01,PC,24.354314,-45.677896,8.833,0.017,1354.458014,4.4e-05,0.941449,2e-06,2.15304,0.004752,10692.963693,23.348818,3 2,2018-12-04 21:47:45.584331+00:00,2018-12-14 15:52:45.122400+00:00
spoc,350743714,00165.01,PC,88.885933,-57.290593,9.789,0.024,1388.296648,0.000774,7.76178,0.001112,3.494972,0.066196,4399.776458,75.229034,3,2018-11-30 22:06:25.935855+00:00,2018-12-10 20:10:19.686154+00:00
spoc,244161191,00278.01,O,4.8831,-5.9113,13.099,0.059,1386.106592,0.000835,0.298746,2.3e-05,1.046606,0.071629,12047.111814,716.01935,3,2018-11-30 23:29:50.721617+00:00,2018-12-05 19:41:49.688983+00:00
spoc,42054565,00280.01,PC,24.16871,-36.41367,9.957,0.018,1393.67584,0.003073,10.175948,0.004156,1.804196,0.939437,958.058218,168.9886,3,2018-11-30 23:29:39.606467+00:00,2018-12-05 19:41:49.592591+00:00
spoc,38696105,00281.01,PC,66.1363,-60.129968,10.482,0.018,1387.482051,0.004646,5.566734,0.00248,2.473858,0.759529,642.92426,87.79987,3,2018-11-30 23:29:38.930876+00:00,2018-12-05 19:41:49.583511+00:00
spoc,92226327,00256.01,PC,11.247108,-15.271294,11.238,0.07,1389.285282,0.002133,24.73712,0.00025,1.958295,0.190383,4088.825398,360.44772,3,2018-11-30 22:06:23.828173+00:00,2018-12-03 21:15:35.753354+00:00
spoc,12862099,00259.01,PC,3.903156,-11.938108,12.333,0.018,1386.578118,0.000681,2.423823,0.000137,2.248401,0.054273,16167.17837,301.42267,3,2018-11-30 22:06:23.298683+00:00,2018-12-03 20:44:40.363336+00:00
spoc,37749396,00260.01,PC,4.773193,-9.964846,8.42928,0.017033,1392.294408,0.00257,13.470018,0.003236,1.998396,0.343922,686.53595,64.596115,3,2018-11-30 22:06:23.507654+00:00,2018-12-03 20:44:40.340329+00:00
spoc,63898957,00261.01,PC,15.217632,-24.423907,9.02,0.02,1387.285571,0.002961,3.361391,0.000985,3.154215,0.649077,422.240474,41.641174,3,2018-11-30 22:06:23.644333+00:00,2018-12-03 20:44:40.326605+00:00
spoc,63898957,00261.02,PC,15.217632,-24.423907,9.02,0.02,1389.727185,0.003037,13.039359,0.004316,4.921832,0.531445,625.599569,58.03166,3,2018-11-30 22:06:23.659559+00:00,2018-12-03 20:44:40.321998+00:00
spoc,70513361,00262.01,PC,32.533514,-31.06986,8.083,0.018,1389.839926,0.001816,11.146909,0.002487,1.357828,0.278714,647.37743,62.20103,3,2018-11-30 22:06:23.773359+00:00,2018-12-03 20:44:40.308282+00:00
spoc,92226327,00256.02,PC,11.247108,-15.271294,11.238,0.07,1389.293276,0.002136,3.778378,0.000784,1.028338,0.2879,3334.77603,300.73108,3,2018-11-30 22:06:23.843365+00:00,2018-12-03 20:44:40.299023+00:00
spoc,120916706,00263.01,PC,37.1081,-25.0974,15.851,0.062,1386.172349,0.00147,0.556737,7.3e-05,0.852671,0.16541,63679.095551,5715.9956,3,2018-11-30 22:06:24.020791+00:00,2018-12-03 20:44:40.276149+00:00
spoc,164767175,00266.01,PC,26.209635,-18.400947,9.433,0.019,1393.078739,0.003507,10.767807,0.004925,3.397389,0.758994,650.610352,76.32915,3,2018-11-30 22:06:24.511075+00:00,2018-12-03 20:44:40.225781+00:00
spoc,164767175,00266.02,PC,26.209635,-18.400947,9.433,0.019,1392.104974,0.004409,6.19132,0.003482,3.4164,1.161866,345.240264,62.78886,3,2018-11-30 22:06:24.526135+00:00,2018-12-03 20:44:40.221146+00:00
spoc,166836920,00267.01,PC,39.897688,-50.008005,8.923,0.018,1387.960271,0.00042,5.75244,0.000221,5.385902,0.035574,5386.655432,40.782204,3,2018-11-30 22:06:24.608189+00:00,2018-12-03 20:44:40.212053+00:00
spoc,259377017,00270.01,PC,68.4154,-51.9562,10.416,0.04,1389.502678,0.000944,5.660209,0.000747,1.668381,0.187213,3814.385595,175.4525,3,2018-11-30 22:06:24.967114+00:00,2018-12-03 20:44:40.175552+00:00
spoc,259377017,00270.02,PC,68.4154,-51.9562,10.416,0.04,1389.678659,0.001216,11.379126,0.001761,2.141425,0.228887,3206.175055,165.33174,3,2018-11-30 22:06:24.982120+00:00,2018-12-03 20:44:40.171001+00:00
spoc,259377017,00270.03,PC,68.4154,-51.9562,10.416,0.04,1387.092173,0.002446,3.359857,0.000804,1.371541,0.521477,1034.961384,119.63065,3,2018-11-30 22:06:24.997264+00:00,2018-12-03 20:44:40.166423+00:00
spoc,268766053,00272.01,PC,31.909198,-20.661837,11.692,0.019,1386.231709,0.00046,3.30968,0.000124,2.283755,0.035981,19306.428951,247.67601,3,2018-11-30 22:06:25.285877+00:00,2018-12-03 20:44:40.134218+00:00
spoc,279740441,00273.01,PC,51.504634,-64.548553,11.461,0.06,1386.095087,0.001413,0.741859,8.9e-05,1.502696,0.119604,2983.625732,173.75093,3,2018-11-30 22:06:25.451613+00:00,2018-12-03 20:44:40.115764+00:00
spoc,281979481,00274.01,PC,130.504849,-75.801512,10.443,0.018,1386.381414,0.002218,0.542248,0.000106,1.014235,0.140909,696.539405,202.15729,3,2018-11-30 22:06:25.493009+00:00,2018-12-03 20:44:40.111138+00:00
spoc,382188882,00276.01,PC,81.352974,-55.019917,10.615,0.018,1387.759868,0.001184,4.800523,0.000607,2.058526,0.087929,5388.911854,300.2252,3,2018-11-30 22:06:26.017946+00:00,2018-12-03 20:44:40.044337+00:00
spoc,439456714,00277.01,PC,19.0772,-20.9522,11.681,0.04,1389.02917,0.001801,3.994244,0.000716,2.035741,0.136515,5783.507445,330.01193,3,2018-11-30 22:06:26.141615+00:00,2018-12-03 20:44:40.028478+00:00
spoc,144440290,00222.01,PC,359.161519,-44.719088,8.723,0.017,1376.544,,,,0.68,,5530.0,,2,2018-11-16 21:15:19.213203+00:00,2018-11-26 23:22:27.615763+00:00
spoc,326453034,00223.01,PC,339.677665,-25.631723,10.206,0.018,1355.95751,0.002649,14.445918,0.003833,1.533311,0.535725,1273.806981,161.52963,2,2018-11-16 21:15:25.490004+00:00,2018-11-26 22:29:30.681603+00:00
spoc,70797900,00224.01,PC,1.9774,-29.979,10.95,0.04,1365.843681,0.00024,,,1.881429,0.01978,77200.0,,2,2018-11-16 21:15:40.726719+00:00,2018-11-26 21:27:33.027518+00:00
spoc,47525799,00225.01,PC,343.879737,-24.409619,10.948,0.018,1355.118503,0.004188,,,3.75,,9680.0,,2,2018-11-16 21:15:42.407581+00:00,2018-11-26 21:15:26.879506+00:00
spoc,47484268,00226.01,PC,342.9664,-24.7875,12.367,0.04,1358.500535,0.002621,,,2.67,,13400.0,,2,2018-11-16 21:15:42.517261+00:00,2018-11-26 21:13:42.376005+00:00
spoc,2760710,00227.01,PC,356.5277,-16.6912,14.277,0.059,1364.102069,0.002061,,,1.51,,30400.0,,2,2018-11-16 21:15:45.685163+00:00,2018-11-26 21:07:42.173448+00:00
spoc,77044471,00228.01,PC,358.558713,-30.012999,13.199,0.018,1356.102509,0.001335,2.686063,0.000249,2.424327,0.12317,12456.674136,441.25824,2,2018-11-16 21:15:40.614457+00:00,2018-11-20 18:31:49.817424+00:00
spoc,120610833,00229.01,PC,5.237503,-35.998265,11.438,0.018,1354.773398,0.000561,3.126068,0.000111,1.693783,0.0351,11367.266722,238.25899,2,2018-11-16 21:15:39.093270+00:00,2018-11-20 18:31:49.803730+00:00
spoc,160074939,00230.01,PC,346.319044,-36.945536,8.721,0.019,1366.329788,0.002965,13.340145,0.004364,4.611198,0.546755,589.893526,79.06242,2,2018-11-16 21:15:36.549701+00:00,2018-11-20 18:31:49.767198+00:00
spoc,204376737,00231.01,PC,348.157236,-22.673953,11.409,0.019,1357.394512,0.000268,3.361021,6.3e-05,2.579176,0.022597,24221.403544,165.62149,2,2018-11-16 21:15:33.663569+00:00,2018-11-20 18:31:49.757973+00:00
spoc,402026209,00232.01,PC,353.562839,-42.061409,11.778,0.018,1355.184519,0.000153,1.338231,1.4e-05,2.157494,0.013812,27436.634313,117.951485,2,2018-11-16 21:15:23.063676+00:00,2018-11-20 18:31:49.711225+00:00
spoc,415969908,00233.01,PC,343.71,-18.9118,11.256,0.04,1365.263091,0.002808,11.665865,0.003883,2.010591,0.3316,2699.083486,292.65363,2,2018-11-16 21:15:22.615594+00:00,2018-11-20 18:31:49.706486+00:00
spoc,12423815,00234.01,PC,2.568707,-26.2824,14.569,0.018,1356.088115,0.001478,2.839249,0.00031,1.484886,0.106988,37161.892883,2062.7036,2,2018-11-16 21:15:21.006574+00:00,2018-11-20 18:31:49.696949+00:00
spoc,280095254,00235.01,PC,46.196133,-73.396554,9.319,0.018,1357.283631,0.001122,20.180235,0.001623,1.69476,0.093836,2744.474203,303.6333,2,2018-11-16 21:15:17.638477+00:00,2018-11-20 18:31:49.662641+00:00
spoc,9727392,00236.01,PC,358.444723,-10.884944,11.239,0.019,1355.325711,0.000357,4.534451,0.000118,4.936391,0.025827,23574.842911,144.90733,2,2018-11-16 21:15:18.678033+00:00,2018-11-20 18:31:49.640166+00:00
spoc,305048087,00237.01,PC,353.2427,-29.4151,13.458,0.042,1355.24981,0.00261,5.433729,0.001053,1.172585,0.472631,6530.706532,843.5729,2,2018-11-16 21:15:14.960200+00:00,2018-11-20 18:31:49.624795+00:00
spoc,9006668,00238.01,PC,349.231362,-18.606628,9.897,0.018,1354.669184,0.002485,1.272419,0.000206,1.404112,0.309772,438.019033,49.08374,2,2018-11-16 21:15:44.847723+00:00,2018-11-20 18:31:49.573818+00:00
spoc,9725627,00239.01,PC,358.408542,-10.118057,10.973,0.019,1356.962278,0.000995,4.15701,0.000336,3.959188,0.09311,4851.510897,104.13186,2,2018-11-16 21:15:45.501372+00:00,2018-11-20 18:31:49.438124+00:00
spoc,101948569,00240.01,PC,14.754696,-44.160832,10.593,0.019,1360.113171,0.003046,19.472408,0.004362,3.480887,0.452211,1645.952677,140.12372,2,2018-11-16 21:15:40.149872+00:00,2018-11-20 18:31:49.384886+00:00
spoc,77031414,00241.01,PC,354.168219,-34.611234,10.925,0.026,1355.195771,0.000212,1.386653,2e-05,2.289876,0.018571,14260.661173,86.77461,2,2018-11-16 21:15:40.651979+00:00,2018-11-20 18:31:49.380315+00:00
spoc,120585579,00242.01,PC,4.451491,-38.110851,12.452,0.018,1357.778211,0.000677,6.340315,0.000367,4.249306,0.056679,25410.703288,265.38632,2,2018-11-16 21:15:39.192223+00:00,2018-11-20 18:31:49.361921+00:00
spoc,149010208,00243.01,PC,3.394055,-31.334372,11.637,0.019,1356.619165,0.000719,3.437004,0.000173,4.271161,0.043736,15173.12559,203.25404,2,2018-11-16 21:15:38.065010+00:00,2018-11-20 18:31:49.357340+00:00
spoc,118327550,00244.01,PC,10.570615,-36.718138,10.317,0.017,1357.365444,0.00269,7.395586,0.001447,1.149398,0.538523,1012.47853,133.86511,2,2018-11-16 21:15:39.242430+00:00,2018-11-20 18:31:49.352697+00:00
spoc,154618248,00245.01,PC,345.77877,-33.500373,8.441,0.017,1361.546719,0.001358,8.773772,0.000994,1.035961,0.169075,1008.057887,85.30659,2,2018-11-16 21:15:37.092289+00:00,2018-11-20 18:31:49.343509+00:00
spoc,160148385,00247.01,PC,1.046353,-47.360626,11.857,0.018,1354.319952,0.000573,3.425239,0.000133,2.44683,0.042511,14427.180116,193.54935,2,2018-11-16 21:15:36.354289+00:00,2018-11-20 18:31:49.324827+00:00
spoc,179985715,00249.01,PC,14.080413,-38.948683,11.165,0.018,1359.540377,0.004044,6.613147,0.002144,2.248344,0.601013,1424.748364,169.94946,2,2018-11-16 21:15:34.951438+00:00,2018-11-20 18:31:49.315670+00:00
spoc,184240683,00250.01,PC,359.348992,-41.27715,11.502,0.018,1355.508203,0.000305,1.628393,3.4e-05,2.376132,0.027347,13802.220227,111.3282,2,2018-11-16 21:15:34.642827+00:00,2018-11-20 18:31:49.306055+00:00
spoc,224225541,00251.01,PC,353.061818,-37.25589,9.307,0.017,1357.305816,0.001781,4.937712,0.000733,2.196239,0.334344,917.152864,79.04549,2,2018-11-16 21:15:32.713175+00:00,2018-11-20 18:31:49.292159+00:00
spoc,322063810,00253.01,PC,14.317859,-51.584652,9.26511,0.017195,1355.612876,0.004283,3.515816,0.001043,2.001291,0.327831,309.195421,43.017746,2,2018-11-16 21:15:25.589640+00:00,2018-11-20 18:31:49.239811+00:00
spoc,49687222,00254.01,PC,351.705496,-11.725416,9.794,0.02,1360.073308,0.002667,20.186539,0.003807,1.866565,0.909295,1006.041833,143.67206,2,2018-11-16 21:15:20.597908+00:00,2018-11-20 18:31:49.220405+00:00
spoc,204317710,00255.01,PC,346.075057,-21.271946,13.684,0.018,1355.983448,0.001755,2.812077,0.000324,2.856534,0.146208,15289.110215,605.029,2,2018-11-16 21:15:18.046388+00:00,2018-11-20 18:31:49.200627+00:00
spoc,410214986,00200.01,PC,354.914556,-69.195787,7.771,0.018,1332.309957,,8.1375,,3.253514,0.111849,3576.0,,1,2018-11-09 21:01:14.899715+00:00,2018-11-16 21:52:06.329224+00:00
spoc,350618622,00201.01,PC,87.401712,-54.910734,8.566,0.02,1376.05,,,,4.070756,0.642487,5625.0,,2 1,2018-10-22 18:35:38.201101+00:00,2018-11-16 21:49:43.737424+00:00
spoc,300871545,00184.01,PC,117.65759,-70.533607,10.025,0.018,1327.376627,0.000164,4.817028,2.6e-05,3.194467,0.008697,23550.640381,81.8451,2 1,2018-10-19 23:49:46.629937+00:00,2018-11-15 19:08:08.898400+00:00
spoc,280830734,00188.01,PC,44.555164,-70.760917,9.426,0.018,1325.777845,0.002426,1.162031,8.8e-05,1.172865,0.184116,341.597999,92.848785,2 1,2018-10-19 23:49:46.405709+00:00,2018-11-15 19:08:08.494322+00:00
spoc,183979262,00183.01,PC,21.649233,-72.749038,8.273,0.019,1326.104287,0.000147,3.430776,1.5e-05,3.130096,0.008128,8980.21782,30.697788,2 1,2018-10-19 23:49:43.580836+00:00,2018-11-15 19:08:08.427425+00:00
spoc,278866211,00189.01,PC,100.807855,-55.24454,10.218,0.018,1327.357534,0.000613,2.194097,4.1e-05,1.956189,0.036019,5681.89216,129.55716,2 1,2018-10-19 23:49:46.286238+00:00,2018-11-15 19:08:08.250312+00:00
spoc,278683844,00119.02,PC,99.237983,-58.015237,9.234,0.018,1328.037451,0.00493,10.694535,0.00162,3.376284,0.295038,602.270183,57.219044,2 1,2018-10-19 23:49:46.227664+00:00,2018-11-15 19:08:08.145845+00:00
spoc,278683844,00119.01,PC,99.237983,-58.015237,9.234,0.018,1327.614054,0.003069,5.541738,0.000551,2.967805,0.190057,642.407346,44.630447,2 1,2018-10-19 23:49:46.208095+00:00,2018-11-15 19:08:08.128974+00:00
spoc,260304296,00187.01,PC,94.615669,-57.013569,9.093,0.019,1325.778915,0.000181,0.512589,3e-06,1.655647,0.013929,5643.213545,37.83573,2 1,2018-10-19 23:49:45.955145+00:00,2018-11-15 19:08:07.645042+00:00
spoc,52368076,00125.03,PC,23.594697,-66.67583,10.138,0.017,1342.851835,0.003286,19.981866,0.004595,2.991231,0.720831,1046.211139,112.284874,2 1,2018-10-19 23:49:42.284819+00:00,2018-11-15 19:08:05.435006+00:00
spoc,52368076,00125.02,PC,23.594697,-66.67583,10.138,0.017,1334.45669,0.002132,9.150607,0.00073,2.907668,0.380794,996.181819,61.571884,2 1,2018-10-19 23:49:42.265803+00:00,2018-11-15 19:08:05.420482+00:00
spoc,52368076,00125.01,PC,23.594697,-66.67583,10.138,0.017,1327.432906,0.001879,4.653811,0.000289,2.921928,0.288457,1007.882466,50.584927,2 1,2018-10-19 23:49:42.233119+00:00,2018-11-15 19:08:05.405865+00:00
spoc,51912829,00180.01,PC,14.2984,-67.496272,9.481,0.02,1325.897913,0.000328,0.835398,9e-06,1.480314,0.020716,2689.072814,65.36989,2 1,2018-10-19 23:49:42.009441+00:00,2018-11-15 19:08:05.005643+00:00
spoc,388104525,00112.01,PC,55.93344,-65.193856,11.547,0.018,1327.409511,0.000267,2.499802,2.2e-05,2.87254,0.022436,14868.675536,87.59629,2 1,2018-10-22 18:35:43.448369+00:00,2018-11-15 19:04:20.087289+00:00
spoc,355703913,00111.01,PC,0.774485,-62.469342,13.129,0.018,1326.106369,0.001084,2.106098,6.9e-05,1.574766,0.083967,12430.502967,528.39557,2 1,2018-10-22 18:35:39.077190+00:00,2018-11-15 19:04:16.243954+00:00
spoc,355509914,00202.01,PC,15.524836,-59.087778,14.587,0.019,1326.115925,0.002679,1.738316,0.000145,1.436749,0.172887,17370.809976,1709.56,2 1,2018-10-22 18:35:38.680430+00:00,2018-11-15 19:04:15.886129+00:00
spoc,316937670,00221.01,PC,356.4904,-56.3447,11.78,0.04,1325.342966,0.001421,0.62425,3.3e-05,0.774288,0.553938,954.060325,141.39258,2 1,2018-10-22 18:35:34.182092+00:00,2018-11-15 19:04:11.568566+00:00
spoc,314865962,00208.01,PC,53.281311,-72.744226,10.315,0.019,1335.985928,0.005641,22.434498,0.004457,6.343609,0.787534,723.200514,71.88752,2 1,2018-10-22 18:35:34.120484+00:00,2018-11-15 19:04:11.509932+00:00
spoc,281781375,00204.01,PC,12.975211,-59.343014,9.197,0.019,1328.032557,0.005254,43.828624,0.007815,4.507978,0.499727,546.296538,70.974144,2 1,2018-10-22 18:35:29.258707+00:00,2018-11-15 19:04:07.109805+00:00
spoc,281575427,00205.01,PC,7.975187,-56.965111,9.427,0.017,1326.336481,0.003776,4.251801,0.000517,3.333173,0.711858,311.282536,31.056303,2 1,2018-10-22 18:35:28.500127+00:00,2018-11-15 19:04:06.473274+00:00
spoc,281541555,00115.01,PC,6.702439,-56.316124,12.98,0.018,1329.90069,0.001812,4.742745,0.000262,2.408768,0.137056,13420.031793,517.9781,2 1,2018-10-22 18:35:28.308020+00:00,2018-11-15 19:04:06.302138+00:00
spoc,281459670,00110.01,PC,5.618692,-59.942551,11.632,0.018,1328.040464,0.000446,3.174305,4.4e-05,2.723339,0.030983,15603.693104,151.40271,2 1,2018-10-22 18:35:27.946586+00:00,2018-11-15 19:04:06.003704+00:00
spoc,260609205,00219.01,PC,97.453901,-57.254837,12.63,0.018,1328.754344,0.000912,4.461939,0.000134,5.361187,0.060268,21415.869063,253.97694,2 1,2018-10-22 18:35:22.794490+00:00,2018-11-15 19:04:00.959600+00:00
spoc,260043723,00217.01,PC,91.608606,-58.953644,8.711,0.018,1327.066685,0.004616,3.13879,0.00045,4.90342,0.267827,479.789868,75.92478,2 1,2018-10-22 18:35:20.366278+00:00,2018-11-15 19:03:58.863988+00:00
spoc,259962054,00203.01,PC,43.0188,-67.6876,12.17,0.05,1327.729066,0.007615,51.953234,0.010389,6.315533,0.849625,2534.439984,296.2564,2 1,2018-10-22 18:35:20.179978+00:00,2018-11-15 19:03:58.689821+00:00
spoc,234523599,00127.01,PC,15.551099,-61.756001,14.097,0.018,1325.650197,0.000565,3.795609,6.9e-05,2.042805,0.04323,55371.084604,803.346,2 1,2018-10-22 18:35:17.655203+00:00,2018-11-15 19:03:56.447796+00:00
spoc,234345288,00213.01,PC,38.886663,-71.624147,9.697,0.017,1343.336546,0.002193,23.516847,0.003057,3.465851,0.37539,1443.640118,87.838684,2 1,2018-10-22 18:35:16.061445+00:00,2018-11-15 19:03:55.071863+00:00
spoc,231912935,00215.01,PC,7.318019,-63.790619,10.475,0.018,1334.391185,0.003433,26.296721,0.004952,2.686196,0.577005,1089.498502,135.90546,2 1,2018-10-22 18:35:14.368511+00:00,2018-11-15 19:03:53.396536+00:00
spoc,206609630,00212.01,PC,22.551,-59.5832,12.186,0.04,1325.491317,7e-05,0.335269,1e-06,0.71036,0.010057,18458.261758,232.43492,2 1,2018-10-22 18:35:11.915386+00:00,2018-11-15 19:03:51.078987+00:00
spoc,150098860,00220.01,PC,91.799884,-61.996896,9.656,0.018,1335.900564,0.002404,10.696823,0.001047,2.149557,0.321233,888.259436,71.16136,2 1,2018-10-22 18:35:05.267909+00:00,2018-11-15 19:03:45.382546+00:00
spoc,55652896,00216.02,PC,73.980231,-63.260063,11.504,0.018,1325.335632,0.00306,17.099142,0.001504,2.03145,0.243138,3953.404602,460.08835,2 1,2018-10-22 18:34:58.353207+00:00,2018-11-15 19:03:38.843242+00:00
spoc,55652896,00216.01,PC,73.980231,-63.260063,11.504,0.018,1331.28513,0.000867,34.539342,0.001153,5.503218,0.081042,18164.63022,219.47185,2 1,2018-10-22 18:34:58.332525+00:00,2018-11-15 19:03:38.824571+00:00
spoc,55650590,00206.01,PC,73.73719,-62.522369,12.472,0.036,1325.542781,0.00105,0.736283,2.9e-05,0.514185,0.352528,1536.869715,204.35117,2 1,2018-10-22 18:34:58.080140+00:00,2018-11-15 19:03:38.593207+00:00
spoc,52204645,00209.01,PC,19.394306,-66.902497,10.778,0.018,1325.883984,0.002528,4.379757,0.000333,1.651748,0.451224,1048.286075,90.82954,2 1,2018-10-22 18:34:56.648777+00:00,2018-11-15 19:03:37.376071+00:00
spoc,25155310,00114.01,PC,63.37389,-69.226789,10.555,0.018,1327.520678,0.000335,3.288776,3.7e-05,3.414966,0.030214,7156.032192,43.838554,2 1,2018-10-22 18:34:50.180160+00:00,2018-11-15 19:03:31.504405+00:00
spoc,270341214,00173.01,PC,33.458316,-80.582809,8.866,0.018,1333.41089,0.000959,,,7.943456,0.110177,3959.722447,110.3395,1,2018-08-30 14:17:58.148316+00:00,2018-11-13 21:58:49.369498+00:00
spoc,183532609,00191.01,PC,359.900305,-35.03139,9.109,0.019,1358.920239,0.000342,8.159165,0.000501,4.437074,0.026217,15535.474824,185.4004,2,2018-10-22 19:57:30.966805+00:00,2018-11-05 17:52:19.284370+00:00
spoc,12421862,00198.01,PC,2.2682,-27.1221,9.853,0.04,1356.375417,0.002301,20.427265,0.003312,2.178553,0.580092,1207.668052,111.82804,2,2018-10-22 19:57:29.785433+00:00,2018-10-24 21:13:54.325128+00:00
spoc,183537452,00192.01,PC,357.879533,-39.906726,10.195,0.017,1356.414736,0.000268,3.922743,7.4e-05,2.616187,0.028454,11502.269053,71.8658,2,2018-10-22 19:57:31.080207+00:00,2018-10-24 21:13:54.303320+00:00
spoc,183985250,00193.01,PC,358.667547,-37.62802,9.098,0.018,1354.214863,0.000275,0.792072,1.5e-05,0.686972,0.078023,1584.199003,42.921795,2,2018-10-22 19:57:31.337069+00:00,2018-10-24 21:13:54.298068+00:00
spoc,201248411,00129.01,PC,0.187097,-54.830506,9.82357,0.016928,1354.552404,0.000149,0.980981,1e-05,0.743316,0.014155,7028.41767,120.82581,2,2018-10-22 19:57:31.641960+00:00,2018-10-24 21:13:54.276860+00:00
spoc,76923707,00181.01,PC,352.171955,-34.491371,10.411,0.019,1358.118127,0.000495,4.532037,0.000161,2.373894,0.052422,7256.580429,114.943214,2,2018-10-22 19:57:31.698091+00:00,2018-10-24 21:13:54.271407+00:00
spoc,76989773,00182.01,PC,353.294594,-35.463618,9.623,0.019,1355.082723,0.000254,1.769141,3.1e-05,1.958463,0.019511,9408.639864,61.502316,2,2018-10-22 19:57:31.814702+00:00,2018-10-24 21:13:54.265978+00:00
spoc,211438925,00194.01,PC,5.160559,-23.935731,10.211,0.018,1356.565648,0.000383,4.899379,0.00013,3.342154,0.027737,10351.824897,83.83698,2,2018-10-22 19:57:32.834142+00:00,2018-10-24 21:13:54.249827+00:00
spoc,230982885,00195.01,PC,24.604344,-55.772082,9.956,0.018,1355.490416,0.000138,2.072761,2e-05,2.588325,0.012332,13510.216069,47.685387,2,2018-10-22 19:57:33.198339+00:00,2018-10-24 21:13:54.238516+00:00
spoc,234519192,00196.01,PC,14.551711,-64.761619,8.05,0.018,1354.30751,0.001705,1.163088,0.000126,1.805261,0.100137,595.248779,31.477335,2,2018-10-22 19:57:33.785657+00:00,2018-10-24 21:13:54.233268+00:00
spoc,251848941,00178.03,PC,7.30125,-30.453734,10.351,0.017,1362.953314,0.003512,9.955936,0.005123,2.521805,0.662672,1126.601724,147.61179,2,2018-10-22 19:57:34.030566+00:00,2018-10-24 21:13:54.227906+00:00
spoc,251848941,00178.02,PC,7.30125,-30.453734,10.351,0.017,1354.55219,0.004083,10.354252,0.003165,2.236524,0.274134,1657.067907,446.14713,2,2018-10-22 19:57:34.012696+00:00,2018-10-24 21:13:54.210942+00:00
spoc,251848941,00178.01,PC,7.30125,-30.453734,10.351,0.017,1360.242325,0.00238,6.558054,0.00129,2.233632,0.32997,1461.710128,116.35722,2,2018-10-22 19:57:33.990268+00:00,2018-10-24 21:13:54.205394+00:00
spoc,441462736,00197.01,PC,353.033649,-21.801397,7.303,0.017,1357.013115,0.004172,14.279001,0.006368,9.207214,0.29331,831.80496,45.163708,2,2018-10-22 19:57:36.694856+00:00,2018-10-24 21:13:54.147538+00:00
spoc,307210830,00175.03,PC,124.5319,-68.313,9.393,0.009,1354.906208,0.001878,2.253014,0.000285,1.018501,0.392408,571.225532,63.212646,2,2018-10-11 19:07:06.392803+00:00,2018-10-11 19:12:20.427760+00:00
spoc,307210830,00175.02,PC,124.5319,-68.313,9.393,0.009,1355.2864,0.001047,7.451113,0.000568,0.835565,0.141109,1641.527815,121.92865,2,2018-10-11 19:07:06.377334+00:00,2018-10-11 19:12:15.756260+00:00
spoc,307210830,00175.01,PC,124.5319,-68.313,9.393,0.009,1356.203764,0.000855,3.690613,0.00023,1.267582,0.215477,1828.769675,87.79798,2,2018-10-11 19:07:06.358346+00:00,2018-10-11 19:12:00.320767+00:00
qlp,265612438,00145.01,PC,333.174746,-55.978763,11.635,0.019,1327.04953,0.00317,5.12944,0.00132,4.832,0.202,3376.1,2.32,1,2018-09-05 18:35:00.143939+00:00,2018-09-05 18:35:00.163106+00:00
qlp,355636844,00146.01,PC,358.301495,-56.01304,10.241,0.019,1330.55618,0.00445,6.29632,0.00401,2.938,0.305,979.326,1.89,1,2018-09-05 18:35:00.110387+00:00,2018-09-05 18:35:00.129482+00:00
qlp,220435095,00147.01,PC,73.6414,-57.513557,11.818,0.018,1326.61107,0.00143,3.42316,0.00033,1.95,0.406,9683.96,18.1,1,2018-09-05 18:35:00.076753+00:00,2018-09-05 18:35:00.095952+00:00
qlp,393940766,00148.01,PC,338.320677,-38.159717,11.727,0.018,1327.33133,0.00241,4.8661,0.00101,3.215,0.228,5029.02,4.71,1,2018-09-05 18:35:00.042493+00:00,2018-09-05 18:35:00.062175+00:00
qlp,260985861,00149.01,PC,76.635855,-80.768181,10.14,0.018,1327.40226,0.002,3.34024,0.00049,4.077,0.323,5082.39,2.68,1,2018-09-05 18:35:00.008084+00:00,2018-09-05 18:35:00.027817+00:00
qlp,271893367,00150.01,PC,112.965695,-73.606125,10.865,0.019,1326.27838,0.00139,5.85758,0.00053,5.818,0.107,7385.78,0.981,1,2018-09-05 18:34:59.973504+00:00,2018-09-05 18:34:59.993273+00:00
qlp,382302241,00151.01,PC,83.348955,-58.745231,10.976,0.018,1326.04926,0.00331,1.59783,0.00034,1.49,0.296,1713.69,4.56,1,2018-09-05 18:34:59.939827+00:00,2018-09-05 18:34:59.959007+00:00
qlp,403287048,00152.01,PC,332.357821,-62.333998,11.28,0.018,1327.92337,0.00494,7.00776,0.00315,2.68,0.824,3666.99,18.0,1,2018-09-05 18:34:59.905974+00:00,2018-09-05 18:34:59.925172+00:00
qlp,231081369,00153.01,PC,68.073647,-66.916366,11.686,0.018,1329.84791,0.00204,7.63227,0.00108,1.656,0.427,6339.82,21.4,1,2018-09-05 18:34:59.872590+00:00,2018-09-05 18:34:59.891533+00:00
qlp,389525208,00154.01,PC,313.261485,-38.59487,10.044,0.019,1329.35996,0.00111,6.74709,0.00067,2.343,0.136,19520.9,1570.0,1,2018-09-05 18:34:59.838770+00:00,2018-09-05 18:34:59.857964+00:00
qlp,129637892,00155.01,PC,321.114974,-37.850144,9.0,0.02,1326.74444,0.0038,5.43636,0.00194,5.974,0.257,8232.2,226.0,1,2018-09-05 18:34:59.800608+00:00,2018-09-05 18:34:59.823865+00:00
qlp,220518305,00156.01,PC,41.467255,-64.320724,10.277,0.019,1336.13203,0.00186,14.14893,0.00189,3.765,0.23,18638.3,1660.0,1,2018-09-05 18:34:59.765034+00:00,2018-09-05 18:34:59.784381+00:00
qlp,140691463,00157.01,PC,73.701279,-76.680516,11.976,0.018,1326.54604,0.00053,2.08457,9e-05,1.788,0.046,13291.3,4.83,1,2018-09-05 18:34:59.730928+00:00,2018-09-05 18:34:59.750335+00:00
qlp,403136413,00158.01,PC,333.578639,-55.379022,11.18,0.018,1326.37811,0.00219,2.51266,0.00045,2.411,0.173,2790.01,2.71,1,2018-09-05 18:34:59.697055+00:00,2018-09-05 18:34:59.716259+00:00
qlp,394657039,00159.01,PC,51.781947,-78.549812,10.477,0.018,1328.63687,0.00055,3.76276,0.00019,4.108,0.076,13190.2,0.84,1,2018-09-05 18:34:59.662788+00:00,2018-09-05 18:34:59.682382+00:00
qlp,253917293,00160.01,PC,337.500659,-31.924254,11.233,0.018,1327.37627,0.00284,4.608,0.001,3.383,0.758,3213.22,7.98,1,2018-09-05 18:34:59.627979+00:00,2018-09-05 18:34:59.647771+00:00
qlp,348770361,00161.01,PC,46.68608,-82.316422,11.419,0.018,1325.70292,0.00212,2.76898,0.00047,4.619,0.289,3495.45,1.71,1,2018-09-05 18:34:59.593041+00:00,2018-09-05 18:34:59.612259+00:00
qlp,322307342,00117.01,PC,15.005896,-58.90478,11.734,0.019,1328.4809,0.00133,3.5855,0.00038,3.173,0.123,6242.33,3.88,1,2018-09-05 18:34:59.558673+00:00,2018-09-05 18:34:59.577987+00:00
qlp,99493790,00162.01,PC,317.639656,-23.305696,11.617,0.018,1332.98188,0.00071,7.76686,0.00094,3.291,0.097,24391.2,7.83,1,2018-09-05 18:34:59.524190+00:00,2018-09-05 18:34:59.543857+00:00
qlp,179317684,00163.01,PC,79.768168,-71.895588,10.843,0.018,1328.87975,0.00102,4.23163,0.00036,4.232,0.071,8163.25,1.01,1,2018-09-05 18:34:59.489800+00:00,2018-09-05 18:34:59.509471+00:00
qlp,79395355,00164.01,PC,320.054165,-51.309907,11.388,0.019,1328.33733,0.00377,7.31898,0.00224,3.771,0.886,3809.3,10.2,1,2018-09-05 18:34:59.454796+00:00,2018-09-05 18:34:59.474095+00:00
qlp,147203645,00166.01,PC,323.195894,-44.017794,10.696,0.018,1326.38424,0.0021,5.06187,0.00094,1.247,0.243,12335.0,197.0,1,2018-09-05 18:34:59.386516+00:00,2018-09-05 18:34:59.405722+00:00
qlp,149990841,00167.01,PC,90.662314,-64.819485,11.57,0.018,1328.03406,0.00146,4.45339,0.00055,2.164,0.267,8618.88,29.8,1,2018-09-05 18:34:59.352164+00:00,2018-09-05 18:34:59.371751+00:00
qlp,369457671,00168.01,PC,311.643495,-37.904371,11.419,0.018,1326.49996,0.00403,2.31257,0.00078,1.459,0.202,2248.69,6.98,1,2018-09-05 18:34:59.317161+00:00,2018-09-05 18:34:59.337166+00:00
qlp,183120439,00169.01,PC,16.7783,-75.198873,11.742,0.018,1327.43797,0.00103,2.25596,0.00014,1.134,0.053,6550.06,5.51,1,2018-09-05 18:34:59.282479+00:00,2018-09-05 18:34:59.302153+00:00
qlp,394698182,00170.01,PC,54.988393,-83.088557,11.928,0.019,1325.51317,0.00085,3.7118,0.00021,2.747,0.093,12883.1,2.92,1,2018-09-05 18:34:59.247966+00:00,2018-09-05 18:34:59.267591+00:00
qlp,309257814,00171.01,PC,124.269511,-63.213478,11.541,0.019,1326.40275,0.00096,1.23855,9e-05,1.82,0.188,15054.0,6.95,1,2018-09-05 18:34:59.213034+00:00,2018-09-05 18:34:59.232917+00:00
qlp,29857954,00172.01,PC,316.631883,-26.69262,10.711,0.019,1326.91973,0.00529,9.47572,0.00316,4.709,0.382,4225.94,5.58,1,2018-09-05 18:34:59.174202+00:00,2018-09-05 18:34:59.198039+00:00
spoc,266980320,00118.01,PC,349.556843,-56.903885,9.154,0.017,1329.199631,0.001235,6.036061,0.000637,2.123832,0.09961,1704.034261,56.202583,1,2018-09-05 18:34:19.911686+00:00,2018-09-05 18:34:20.027227+00:00
spoc,394137592,00120.01,PC,4.446408,-66.358985,7.144,0.03,1332.082805,0.000707,11.535076,0.001035,8.555958,0.069027,2389.90616,28.935114,1,2018-09-05 18:34:19.650057+00:00,2018-09-05 18:34:19.669476+00:00
spoc,29344935,00109.01,PC,313.21548,-25.687338,13.18,0.019,1326.127529,0.001296,2.766737,0.000254,2.568721,0.112022,15691.95117,490.08105,1,2018-09-05 18:34:19.611683+00:00,2018-09-05 18:34:19.632485+00:00
spoc,207081058,00121.01,PC,331.867232,-41.815456,9.929,0.019,1336.139719,0.00037,14.775056,0.000529,5.449073,0.03672,14107.16966,98.28256,1,2018-09-05 18:34:19.536884+00:00,2018-09-05 18:34:19.557026+00:00
spoc,231702397,00122.01,PC,332.947,-58.9451,13.048,0.04,1329.121491,0.002308,5.077677,0.000878,1.155359,0.447793,6501.890778,781.0324,1,2018-09-05 18:34:19.499841+00:00,2018-09-05 18:34:19.519468+00:00
spoc,144065872,00105.01,PC,337.457199,-48.003087,9.48,0.02,1326.50599,0.000156,2.184659,2.3e-05,2.869426,0.012752,11836.69122,46.940147,1,2018-09-05 18:34:19.462352+00:00,2018-09-05 18:34:19.482234+00:00
spoc,290131778,00123.01,PC,319.6994,-26.616077,8.803,0.018,1325.375658,0.000473,3.308754,0.000101,5.634728,0.031274,3177.131896,28.132027,1,2018-09-05 18:34:19.425661+00:00,2018-09-05 18:34:19.445073+00:00
spoc,289793076,00108.01,PC,316.961466,-26.09666,13.096,0.017,1328.084864,0.000922,3.043839,0.000202,2.660993,0.073265,24143.22224,570.23517,1,2018-09-05 18:34:19.389030+00:00,2018-09-05 18:34:19.408372+00:00
spoc,238176110,00116.01,PC,357.84526,-70.152863,10.991,0.019,1326.689274,0.00026,2.798594,4.9e-05,2.366459,0.022664,16879.44984,101.11358,1,2018-09-05 18:34:19.315522+00:00,2018-09-05 18:34:19.334937+00:00
spoc,70440470,00126.01,PC,339.489337,-35.153982,12.725,0.018,1326.731043,0.000948,3.035381,0.000203,2.886722,0.077295,16740.83645,333.53653,1,2018-09-05 18:34:19.180428+00:00,2018-09-05 18:34:19.199796+00:00
spoc,391949880,00128.01,PC,79.522476,-80.964663,7.9,0.017,1328.129344,0.001912,4.940663,0.000654,2.202493,0.278214,398.563168,28.429855,1,2018-09-05 18:34:19.070311+00:00,2018-09-05 18:34:19.090165+00:00
spoc,97409519,00113.01,PC,332.714323,-30.749674,12.143,0.018,1327.053085,0.000623,3.372877,0.000147,2.63426,0.043644,17163.60419,212.40587,1,2018-09-05 18:34:19.033531+00:00,2018-09-05 18:34:19.053118+00:00
spoc,263003176,00130.01,PC,12.541184,-83.743964,7.426,0.019,1336.559583,0.002205,14.339928,0.003271,4.653356,0.530555,411.321986,24.453753,1,2018-09-05 18:34:18.958210+00:00,2018-09-05 18:34:18.977601+00:00
spoc,235037761,00131.01,PC,353.826767,-64.561769,9.737,0.018,1326.068952,0.000449,6.240662,0.000179,1.569129,0.040222,9113.476719,231.65656,1,2018-09-05 18:34:18.921779+00:00,2018-09-05 18:34:18.941120+00:00
spoc,89020549,00132.01,PC,338.39942,-43.436628,10.803,0.018,1326.903983,0.001768,2.109307,0.00025,2.068328,0.357938,1379.431961,84.67819,1,2018-09-05 18:34:18.884778+00:00,2018-09-05 18:34:18.904306+00:00
spoc,219338557,00133.01,PC,354.395739,-58.954636,9.883,0.018,1327.291396,0.002752,8.1952,0.001473,2.309555,0.457632,946.435776,82.18145,1,2018-09-05 18:34:18.847643+00:00,2018-09-05 18:34:18.867442+00:00
spoc,234994474,00134.01,PC,350.0313,-60.0652,9.169,0.019,1326.033176,0.001456,1.401461,0.000137,1.264937,0.207902,565.503282,37.851494,1,2018-09-05 18:34:18.810473+00:00,2018-09-05 18:34:18.830007+00:00
spoc,231663901,00101.01,PC,318.736981,-55.87178,12.352,0.034,1326.008874,0.000339,1.430401,3.2e-05,1.638765,0.026081,20452.53168,242.95233,1,2018-09-05 18:34:18.770767+00:00,2018-09-05 18:34:18.790103+00:00
spoc,267263253,00135.01,PC,7.328937,-76.304075,9.213,0.019,1325.783759,0.000208,4.126904,5.7e-05,4.492686,0.016126,10068.55437,33.41181,1,2018-09-05 18:34:18.552016+00:00,2018-09-05 18:34:18.685894+00:00
spoc,410153553,00136.01,PC,340.4921,-69.169,11.877,0.064,1325.72603,0.000322,0.46291,1.1e-05,0.520794,0.106125,4681.643995,178.9042,1,2018-09-05 18:34:18.463182+00:00,2018-09-05 18:34:18.483006+00:00
spoc,176957796,00137.01,PC,101.297297,-66.238034,10.642,0.018,1327.369003,0.004306,4.819018,0.001436,3.035372,0.275922,1803.249732,160.64334,1,2018-09-05 18:34:18.426625+00:00,2018-09-05 18:34:18.446011+00:00
spoc,231670397,00104.01,PC,319.949611,-58.148876,9.848,0.018,1327.673462,0.000842,4.087445,0.000239,5.59014,0.066407,3586.196984,48.80403,1,2018-09-05 18:34:18.389749+00:00,2018-09-05 18:34:18.409057+00:00
spoc,277683130,00138.01,PC,328.926194,-61.673286,9.534,0.018,1328.058635,0.000797,6.198041,0.000348,2.176782,0.055149,3722.005937,195.5,1,2018-09-05 18:34:18.315824+00:00,2018-09-05 18:34:18.335298+00:00
spoc,62483237,00139.01,PC,336.402307,-34.909623,9.295,0.02,1334.896388,0.001811,11.058421,0.00257,2.136519,0.327214,1367.122742,100.4967,1,2018-09-05 18:34:18.279494+00:00,2018-09-05 18:34:18.298664+00:00
spoc,92352620,00107.01,PC,313.783108,-34.135572,9.639,0.019,1328.29934,0.000307,3.950054,8.8e-05,4.557506,0.023461,12999.89718,75.69489,1,2018-09-05 18:34:18.242902+00:00,2018-09-05 18:34:18.262383+00:00
spoc,140068425,00140.01,PC,330.301574,-49.060026,9.806,0.041,1327.399305,0.001311,2.28139,0.000207,0.859711,0.116683,1077.390775,98.91284,1,2018-09-05 18:34:18.206058+00:00,2018-09-05 18:34:18.225854+00:00
spoc,403224672,00141.01,PC,338.984609,-59.864489,7.358,0.018,1325.538528,0.001209,1.007908,8.5e-05,1.534232,0.161406,220.394479,10.559796,1,2018-09-05 18:34:18.169049+00:00,2018-09-05 18:34:18.188574+00:00
spoc,336732616,00103.01,PC,312.457438,-24.428796,11.464,0.018,1327.25256,0.000586,3.547854,0.000149,3.494333,0.049205,10424.3718,123.359314,1,2018-09-05 18:34:18.132123+00:00,2018-09-05 18:34:18.151571+00:00
spoc,25375553,00143.01,PC,328.767654,-22.612566,9.772,0.019,1325.58249,0.000343,2.310894,5.5e-05,3.422324,0.025078,6939.353936,46.406292,1,2018-09-05 18:34:18.057741+00:00,2018-09-05 18:34:18.077571+00:00
spoc,261136679,00144.01,PC,84.291198,-80.469143,5.097,0.063,1325.503694,0.003021,6.266571,0.001314,3.093161,0.20533,248.742811,21.850191,1,2018-09-05 18:34:18.015604+00:00,2018-09-05 18:34:18.040115+00:00
